series,model,simulation,year,gbd_input_forecast,model_error,combined_forecast
incidence_age_standardized_rate,LSTM,1,2024,205.39699990232458,-8.040339500931179,197.3566604013934
incidence_age_standardized_rate,LSTM,1,2025,198.49092288368243,6.950406655139749,205.44132953882217
incidence_age_standardized_rate,LSTM,1,2026,191.6326183439903,-9.098175903165732,182.53444244082456
incidence_age_standardized_rate,LSTM,1,2027,184.77028145880396,-10.505668613654604,174.26461284514937
incidence_age_standardized_rate,LSTM,1,2028,177.8935287677104,1.8393009800127327,179.73282974772312
incidence_age_standardized_rate,LSTM,1,2029,171.0438551778007,2.0148532735886646,173.05870845138938
incidence_age_standardized_rate,LSTM,1,2030,164.19399556720958,2.176290268577728,166.3702858357873
incidence_age_standardized_rate,LSTM,2,2024,175.64435891987472,4.914679677853426,180.55903859772815
incidence_age_standardized_rate,LSTM,2,2025,167.02201555279373,6.279598262473135,173.30161381526688
incidence_age_standardized_rate,LSTM,2,2026,158.36995583366954,-13.926276525715789,144.44367930795374
incidence_age_standardized_rate,LSTM,2,2027,149.7134292802508,8.88069302904403,158.59412230929485
incidence_age_standardized_rate,LSTM,2,2028,141.04643088509678,1.8393009800127327,142.8857318651095
incidence_age_standardized_rate,LSTM,2,2029,132.3547484267282,-12.86676375511306,119.48798467161515
incidence_age_standardized_rate,LSTM,2,2030,123.66323674075946,-13.897693254093396,109.76554348666606
incidence_age_standardized_rate,LSTM,3,2024,196.12573125960148,0.8225604044780905,196.94829166407956
incidence_age_standardized_rate,LSTM,3,2025,189.42887855737396,6.279598262473135,195.7084768198471
incidence_age_standardized_rate,LSTM,3,2026,182.70800098082734,-9.098175903165732,173.6098250776616
incidence_age_standardized_rate,LSTM,3,2027,176.0079288639984,6.231174421809898,182.23910328580828
incidence_age_standardized_rate,LSTM,3,2028,169.28104496171056,6.96666479341244,176.247709755123
incidence_age_standardized_rate,LSTM,3,2029,162.5923712471464,-19.694729136025334,142.89764211112106
incidence_age_standardized_rate,LSTM,3,2030,155.9037305382973,11.748052612377709,167.65178315067502
incidence_age_standardized_rate,LSTM,4,2024,193.8357703197128,-8.040339500931179,185.79543081878163
incidence_age_standardized_rate,LSTM,4,2025,187.6853130412201,6.279598262473135,193.96491130369324
incidence_age_standardized_rate,LSTM,4,2026,181.5333924474852,-13.926276525715789,167.6071159217694
incidence_age_standardized_rate,LSTM,4,2027,175.35305749839898,6.231174421809898,181.58423192020888
incidence_age_standardized_rate,LSTM,4,2028,169.16297636032812,-11.745694584608835,157.4172817757193
incidence_age_standardized_rate,LSTM,4,2029,162.93954352240198,12.038457459966901,174.97800098236888
incidence_age_standardized_rate,LSTM,4,2030,156.71643618012936,-21.27273877599308,135.4436974041363
incidence_age_standardized_rate,LSTM,5,2024,180.45650894339641,-8.040339500931179,172.41616944246525
incidence_age_standardized_rate,LSTM,5,2025,169.15483686429545,-7.428629517613846,161.7262073466816
incidence_age_standardized_rate,LSTM,5,2026,157.83921142345469,5.396355344699183,163.23556676815386
incidence_age_standardized_rate,LSTM,5,2027,146.52692398141662,1.645120808956181,148.1720447903728
incidence_age_standardized_rate,LSTM,5,2028,135.2086533569834,-11.745694584608835,123.46295877237458
incidence_age_standardized_rate,LSTM,5,2029,123.89177372796009,-12.86676375511306,111.02500997284703
incidence_age_standardized_rate,LSTM,5,2030,112.57489117257897,13.003020201143203,125.57791137372217
incidence_age_standardized_rate,LSTM,6,2024,169.90426475306097,3.115587210904949,173.01985196396592
incidence_age_standardized_rate,LSTM,6,2025,158.9709192149189,-11.370757168300992,147.6001620466179
incidence_age_standardized_rate,LSTM,6,2026,148.04801946493512,1.4247164128504588,149.4727358777856
incidence_age_standardized_rate,LSTM,6,2027,137.1376282761652,8.88069302904403,146.01832130520924
incidence_age_standardized_rate,LSTM,6,2028,126.2415979014967,6.96666479341244,133.20826269490914
incidence_age_standardized_rate,LSTM,6,2029,115.35578888379422,10.876583241724711,126.23237212551894
incidence_age_standardized_rate,LSTM,6,2030,104.47001139774684,2.176290268577728,106.64630166632458
incidence_age_standardized_rate,LSTM,7,2024,211.4642045189283,3.115587210904949,214.57979172983326
incidence_age_standardized_rate,LSTM,7,2025,205.5788417254445,4.406105688417943,209.98494741386244
incidence_age_standardized_rate,LSTM,7,2026,199.6897686626013,5.396355344699183,205.08612400730047
incidence_age_standardized_rate,LSTM,7,2027,193.79680741247068,-16.080679001862357,177.71612841060832
incidence_age_standardized_rate,LSTM,7,2028,187.90160274365766,-11.745694584608835,176.15590815904883
incidence_age_standardized_rate,LSTM,7,2029,182.01166366773043,7.631598915858123,189.64326258358855
incidence_age_standardized_rate,LSTM,7,2030,176.12172945294878,8.24306894798784,184.36479840093662
incidence_age_standardized_rate,LSTM,8,2024,185.382439057753,-5.252834306827302,180.1296047509257
incidence_age_standardized_rate,LSTM,8,2025,175.85066509966273,6.950406655139749,182.80107175480248
incidence_age_standardized_rate,LSTM,8,2026,166.32821417175737,-9.098175903165732,157.23003826859164
incidence_age_standardized_rate,LSTM,8,2027,156.80836228957054,6.231174421809898,163.03953671138044
incidence_age_standardized_rate,LSTM,8,2028,147.28568512107168,10.989557847317029,158.2752429683887
incidence_age_standardized_rate,LSTM,8,2029,137.77017094226875,12.038457459966901,149.80862840223566
incidence_age_standardized_rate,LSTM,8,2030,128.2546624648324,13.003020201143203,141.2576826659756
incidence_age_standardized_rate,LSTM,9,2024,183.13198634964326,4.914679677853426,188.04666602749668
incidence_age_standardized_rate,LSTM,9,2025,174.01726293611466,-7.428629517613846,166.58863341850082
incidence_age_standardized_rate,LSTM,9,2026,164.90339441859032,-13.926276525715789,150.97711789287453
incidence_age_standardized_rate,LSTM,9,2027,155.75903391605507,8.88069302904403,164.6397269450991
incidence_age_standardized_rate,LSTM,9,2028,146.59410957217878,9.928916650125483,156.52302622230425
incidence_age_standardized_rate,LSTM,9,2029,137.4339566621828,-12.86676375511306,124.56719290706974
incidence_age_standardized_rate,LSTM,9,2030,128.27397738666758,13.003020201143203,141.2769975878108
incidence_age_standardized_rate,LSTM,10,2024,182.2081003095585,4.440346514522015,186.6484468240805
incidence_age_standardized_rate,LSTM,10,2025,173.5001009053577,4.406105688417943,177.90620659377564
incidence_age_standardized_rate,LSTM,10,2026,164.7795555981523,-9.098175903165732,155.6813796949866
incidence_age_standardized_rate,LSTM,10,2027,156.06303175711645,-16.080679001862357,139.98235275525408
incidence_age_standardized_rate,LSTM,10,2028,147.35627096836853,-17.978745686258847,129.37752528210967
incidence_age_standardized_rate,LSTM,10,2029,138.63483215889417,-12.86676375511306,125.76806840378111
incidence_age_standardized_rate,LSTM,10,2030,129.91339016251843,-21.27273877599308,108.64065138652535
incidence_age_standardized_rate,LSTM,11,2024,172.8209527840395,3.115587210904949,175.93653999494444
incidence_age_standardized_rate,LSTM,11,2025,161.8755732012707,-11.370757168300992,150.5048160329697
incidence_age_standardized_rate,LSTM,11,2026,150.94200656105016,-13.926276525715789,137.01573003533437
incidence_age_standardized_rate,LSTM,11,2027,140.01190178252114,8.88069302904403,148.89259481156517
incidence_age_standardized_rate,LSTM,11,2028,129.0833478945464,10.989557847317029,140.07290574186342
incidence_age_standardized_rate,LSTM,11,2029,118.16628343922117,12.038457459966901,130.20474089918807
incidence_age_standardized_rate,LSTM,11,2030,107.24923549574333,2.176290268577728,109.42552576432107
incidence_age_standardized_rate,LSTM,12,2024,197.89998477666484,-5.252834306827302,192.64715046983753
incidence_age_standardized_rate,LSTM,12,2025,191.5817453637546,6.950406655139749,198.53215201889435
incidence_age_standardized_rate,LSTM,12,2026,185.26060225417152,-9.098175903165732,176.1624263510058
incidence_age_standardized_rate,LSTM,12,2027,178.93744425342393,1.645120808956181,180.58256506238013
incidence_age_standardized_rate,LSTM,12,2028,172.60916528783554,10.989557847317029,183.59872313515257
incidence_age_standardized_rate,LSTM,12,2029,166.28287539324936,10.876583241724711,177.15945863497407
incidence_age_standardized_rate,LSTM,12,2030,159.95658947884627,8.24306894798784,168.1996584268341
incidence_age_standardized_rate,LSTM,13,2024,182.29557632366158,4.440346514522015,186.7359228381836
incidence_age_standardized_rate,LSTM,13,2025,176.38778433094228,-7.428629517613846,168.95915481332844
incidence_age_standardized_rate,LSTM,13,2026,170.47422278693557,1.4247164128504588,171.89893919978604
incidence_age_standardized_rate,LSTM,13,2027,164.54625206537457,-16.080679001862357,148.4655730635122
incidence_age_standardized_rate,LSTM,13,2028,158.6142000719259,9.928916650125483,168.54311672205137
incidence_age_standardized_rate,LSTM,13,2029,152.67323648992328,-12.86676375511306,139.80647273481023
incidence_age_standardized_rate,LSTM,13,2030,146.73230322804054,11.748052612377709,158.48035584041824
incidence_age_standardized_rate,LSTM,14,2024,179.15224389547612,3.115587210904949,182.26783110638107
incidence_age_standardized_rate,LSTM,14,2025,168.48666143897205,-7.428629517613846,161.0580319213582
incidence_age_standardized_rate,LSTM,14,2026,157.81008632905133,7.690905766363506,165.50099209541483
incidence_age_standardized_rate,LSTM,14,2027,147.12687308481426,-10.505668613654604,136.62120447115967
incidence_age_standardized_rate,LSTM,14,2028,136.43615188668366,10.989557847317029,147.4257097340007
incidence_age_standardized_rate,LSTM,14,2029,125.74667043467831,2.0148532735886646,127.76152370826698
incidence_age_standardized_rate,LSTM,14,2030,115.05720895556797,8.24306894798784,123.30027790355581
incidence_age_standardized_rate,LSTM,15,2024,197.97332497574078,3.115587210904949,201.08891218664573
incidence_age_standardized_rate,LSTM,15,2025,193.68039899541827,1.1632760798840143,194.8436750753023
incidence_age_standardized_rate,LSTM,15,2026,189.3723920167192,7.690905766363506,197.0632977830827
incidence_age_standardized_rate,LSTM,15,2027,185.06400539678313,8.88069302904403,193.94469842582717
incidence_age_standardized_rate,LSTM,15,2028,180.73624158839294,10.989557847317029,191.72579943570997
incidence_age_standardized_rate,LSTM,15,2029,176.4077664522113,2.0148532735886646,178.42261972579996
incidence_age_standardized_rate,LSTM,15,2030,172.07932828109745,8.24306894798784,180.32239722908528
incidence_age_standardized_rate,LSTM,16,2024,201.81318569644688,3.115587210904949,204.92877290735183
incidence_age_standardized_rate,LSTM,16,2025,194.54991906668005,6.950406655139749,201.5003257218198
incidence_age_standardized_rate,LSTM,16,2026,187.29286285973043,8.512474904968377,195.8053377646988
incidence_age_standardized_rate,LSTM,16,2027,180.03220452479636,6.231174421809898,186.26337894660625
incidence_age_standardized_rate,LSTM,16,2028,172.7747203796989,-11.745694584608835,161.02902579509006
incidence_age_standardized_rate,LSTM,16,2029,165.52061718239952,2.0148532735886646,167.5354704559882
incidence_age_standardized_rate,LSTM,16,2030,158.266508783642,2.176290268577728,160.44279905221973
incidence_age_standardized_rate,LSTM,17,2024,193.37327086055947,0.8225604044780905,194.19583126503755
incidence_age_standardized_rate,LSTM,17,2025,186.3665919365487,-7.428629517613846,178.93796241893486
incidence_age_standardized_rate,LSTM,17,2026,179.3483240521256,1.4247164128504588,180.77304046497608
incidence_age_standardized_rate,LSTM,17,2027,172.3405771447285,1.645120808956181,173.9856979536847
incidence_age_standardized_rate,LSTM,17,2028,165.32347513795287,9.928916650125483,175.25239178807834
incidence_age_standardized_rate,LSTM,17,2029,158.30409854410718,12.038457459966901,170.34255600407408
incidence_age_standardized_rate,LSTM,17,2030,151.2847295389639,8.24306894798784,159.52779848695172
incidence_age_standardized_rate,LSTM,18,2024,188.04384283933578,0.8225604044780905,188.86640324381386
incidence_age_standardized_rate,LSTM,18,2025,180.4857682597461,6.279598262473135,186.76536652221924
incidence_age_standardized_rate,LSTM,18,2026,172.92972354291297,7.690905766363506,180.62062930927647
incidence_age_standardized_rate,LSTM,18,2027,165.3744589147477,1.645120808956181,167.01957972370388
incidence_age_standardized_rate,LSTM,18,2028,157.82886265825363,-11.745694584608835,146.0831680736448
incidence_age_standardized_rate,LSTM,18,2029,150.28218041252103,2.0148532735886646,152.2970336861097
incidence_age_standardized_rate,LSTM,18,2030,142.73549943316613,11.748052612377709,154.48355204554383
incidence_age_standardized_rate,LSTM,19,2024,179.81404475984115,0.8225604044780905,180.63660516431923
incidence_age_standardized_rate,LSTM,19,2025,170.42799583857106,-11.370757168300992,159.05723867027007
incidence_age_standardized_rate,LSTM,19,2026,161.05101471261136,-9.098175903165732,151.95283880944564
incidence_age_standardized_rate,LSTM,19,2027,151.66541433516434,6.231174421809898,157.89658875697424
incidence_age_standardized_rate,LSTM,19,2028,142.26677659977372,-11.745694584608835,130.5210820151649
incidence_age_standardized_rate,LSTM,19,2029,132.86502177346728,10.876583241724711,143.741605015192
incidence_age_standardized_rate,LSTM,19,2030,123.46329126315574,-21.27273877599308,102.19055248716266
incidence_age_standardized_rate,LSTM,20,2024,191.6416910707185,3.115587210904949,194.75727828162346
incidence_age_standardized_rate,LSTM,20,2025,184.9053207087709,6.950406655139749,191.85572736391063
incidence_age_standardized_rate,LSTM,20,2026,178.12239393109206,7.690905766363506,185.81329969745556
incidence_age_standardized_rate,LSTM,20,2027,171.31900584113197,6.231174421809898,177.55018026294186
incidence_age_standardized_rate,LSTM,20,2028,164.50834678441328,-11.745694584608835,152.76265219980445
incidence_age_standardized_rate,LSTM,20,2029,157.69828451395597,-19.694729136025334,138.00355537793064
incidence_age_standardized_rate,LSTM,20,2030,150.88847851527788,11.748052612377709,162.6365311276556
incidence_age_standardized_rate,LSTM,21,2024,186.5524760129899,4.914679677853426,191.46715569084333
incidence_age_standardized_rate,LSTM,21,2025,177.2937696006965,-11.370757168300992,165.9230124323955
incidence_age_standardized_rate,LSTM,21,2026,168.03620913852785,8.512474904968377,176.54868404349622
incidence_age_standardized_rate,LSTM,21,2027,158.7782022209767,6.231174421809898,165.0093766427866
incidence_age_standardized_rate,LSTM,21,2028,149.51964773029334,6.96666479341244,156.48631252370578
incidence_age_standardized_rate,LSTM,21,2029,140.26118293491248,-12.86676375511306,127.39441917979943
incidence_age_standardized_rate,LSTM,21,2030,131.00271691460432,8.24306894798784,139.24578586259216
incidence_age_standardized_rate,LSTM,22,2024,194.86090240691271,4.440346514522015,199.30124892143473
incidence_age_standardized_rate,LSTM,22,2025,189.97978220137998,1.1632760798840143,191.143058281264
incidence_age_standardized_rate,LSTM,22,2026,185.09027979664063,1.4247164128504588,186.5149962094911
incidence_age_standardized_rate,LSTM,22,2027,180.19591385404337,8.88069302904403,189.0766068830874
incidence_age_standardized_rate,LSTM,22,2028,175.29987771862102,9.928916650125483,185.2287943687465
incidence_age_standardized_rate,LSTM,22,2029,170.40390464270197,-12.86676375511306,157.53714088758892
incidence_age_standardized_rate,LSTM,22,2030,165.50793716552386,2.176290268577728,167.6842274341016
incidence_age_standardized_rate,LSTM,23,2024,180.60032097585875,4.440346514522015,185.04066749038077
incidence_age_standardized_rate,LSTM,23,2025,174.54838023290702,6.950406655139749,181.49878688804677
incidence_age_standardized_rate,LSTM,23,2026,168.49282827453428,5.396355344699183,173.88918361923345
incidence_age_standardized_rate,LSTM,23,2027,162.43664586508595,8.88069302904403,171.31733889413
incidence_age_standardized_rate,LSTM,23,2028,156.38066465788248,6.96666479341244,163.3473294512949
incidence_age_standardized_rate,LSTM,23,2029,150.32478092430543,-19.694729136025334,130.6300517882801
incidence_age_standardized_rate,LSTM,23,2030,144.26889719072835,8.24306894798784,152.5119661387162
incidence_age_standardized_rate,LSTM,24,2024,180.21529919597074,3.115587210904949,183.3308864068757
incidence_age_standardized_rate,LSTM,24,2025,174.4520544555338,-7.428629517613846,167.02342493791997
incidence_age_standardized_rate,LSTM,24,2026,168.681340033427,-13.926276525715789,154.7550635077112
incidence_age_standardized_rate,LSTM,24,2027,162.9046818697618,-10.505668613654604,152.3990132561072
incidence_age_standardized_rate,LSTM,24,2028,157.12497214591139,-11.745694584608835,145.37927756130256
incidence_age_standardized_rate,LSTM,24,2029,151.34511744494887,-12.86676375511306,138.4783536898358
incidence_age_standardized_rate,LSTM,24,2030,145.56527042489296,-13.897693254093396,131.66757717079958
incidence_age_standardized_rate,LSTM,25,2024,176.6089242708957,-8.040339500931179,168.56858476996453
incidence_age_standardized_rate,LSTM,25,2025,166.2074110226013,6.950406655139749,173.15781767774104
incidence_age_standardized_rate,LSTM,25,2026,155.80641608492556,-9.098175903165732,146.70824018175983
incidence_age_standardized_rate,LSTM,25,2027,145.4014368911586,-10.505668613654604,134.895768277504
incidence_age_standardized_rate,LSTM,25,2028,134.99952709726716,-11.745694584608835,123.25383251265833
incidence_age_standardized_rate,LSTM,25,2029,124.60491100327063,-12.86676375511306,111.73814724815757
incidence_age_standardized_rate,LSTM,25,2030,114.21029428675355,13.003020201143203,127.21331448789675
incidence_age_standardized_rate,LSTM,26,2024,178.13357075239688,3.115587210904949,181.24915796330183
incidence_age_standardized_rate,LSTM,26,2025,170.698935867336,-11.370757168300992,159.328178699035
incidence_age_standardized_rate,LSTM,26,2026,163.18576900667748,8.512474904968377,171.69824391164585
incidence_age_standardized_rate,LSTM,26,2027,155.6401209726194,6.231174421809898,161.8712953944293
incidence_age_standardized_rate,LSTM,26,2028,148.02395257290712,9.928916650125483,157.9528692230326
incidence_age_standardized_rate,LSTM,26,2029,140.41336367597904,-19.694729136025334,120.71863453995371
incidence_age_standardized_rate,LSTM,26,2030,132.80361707545086,11.748052612377709,144.55166968782856
incidence_age_standardized_rate,LSTM,27,2024,177.19576201745735,0.8225604044780905,178.01832242193544
incidence_age_standardized_rate,LSTM,27,2025,170.5098961136256,6.950406655139749,177.46030276876533
incidence_age_standardized_rate,LSTM,27,2026,163.810236673828,1.4247164128504588,165.23495308667847
incidence_age_standardized_rate,LSTM,27,2027,157.09270425511954,6.231174421809898,163.32387867692944
incidence_age_standardized_rate,LSTM,27,2028,150.36815981008291,-11.745694584608835,138.6224652254741
incidence_age_standardized_rate,LSTM,27,2029,143.6365251555742,2.0148532735886646,145.65137842916286
incidence_age_standardized_rate,LSTM,27,2030,136.9049421461705,8.24306894798784,145.14801109415833
incidence_age_standardized_rate,LSTM,28,2024,170.94375657821254,4.914679677853426,175.85843625606597
incidence_age_standardized_rate,LSTM,28,2025,160.35162228334937,4.406105688417943,164.7577279717673
incidence_age_standardized_rate,LSTM,28,2026,149.75707798904054,-9.098175903165732,140.65890208587481
incidence_age_standardized_rate,LSTM,28,2027,139.16321096762647,8.88069302904403,148.0439039966705
incidence_age_standardized_rate,LSTM,28,2028,128.57464667956214,1.8393009800127327,130.41394765957486
incidence_age_standardized_rate,LSTM,28,2029,117.99258590079683,-12.86676375511306,105.12582214568377
incidence_age_standardized_rate,LSTM,28,2030,107.41052304075184,2.176290268577728,109.58681330932957
incidence_age_standardized_rate,LSTM,29,2024,180.81356196027795,4.440346514522015,185.25390847479997
incidence_age_standardized_rate,LSTM,29,2025,174.20353324099824,1.1632760798840143,175.36680932088225
incidence_age_standardized_rate,LSTM,29,2026,167.58902053389693,5.396355344699183,172.9853758785961
incidence_age_standardized_rate,LSTM,29,2027,160.97369336865182,9.829359355706853,170.80305272435868
incidence_age_standardized_rate,LSTM,29,2028,154.35497943623503,6.96666479341244,161.32164422964746
incidence_age_standardized_rate,LSTM,29,2029,147.73630635438343,-12.86676375511306,134.86954259927037
incidence_age_standardized_rate,LSTM,29,2030,141.11763774056237,11.748052612377709,152.86569035294008
incidence_age_standardized_rate,LSTM,30,2024,191.7257755083796,0.8225604044780905,192.54833591285768
incidence_age_standardized_rate,LSTM,30,2025,184.61355497404267,4.406105688417943,189.0196606624606
incidence_age_standardized_rate,LSTM,30,2026,177.4891439524053,-9.098175903165732,168.39096804923958
incidence_age_standardized_rate,LSTM,30,2027,170.3534867208571,-10.505668613654604,159.8478181072025
incidence_age_standardized_rate,LSTM,30,2028,163.19458053733078,9.928916650125483,173.12349718745625
incidence_age_standardized_rate,LSTM,30,2029,156.0249318818619,12.038457459966901,168.0633893418288
incidence_age_standardized_rate,LSTM,30,2030,148.8554308320085,13.003020201143203,161.8584510331517
incidence_age_standardized_rate,LSTM,31,2024,191.31464593841375,-8.040339500931179,183.27430643748258
incidence_age_standardized_rate,LSTM,31,2025,187.72816903786043,-11.370757168300992,176.35741186955943
incidence_age_standardized_rate,LSTM,31,2026,184.13894458185513,8.512474904968377,192.6514194868235
incidence_age_standardized_rate,LSTM,31,2027,180.54834897484986,-10.505668613654604,170.04268036119527
incidence_age_standardized_rate,LSTM,31,2028,176.95451724134665,10.989557847317029,187.94407508866368
incidence_age_standardized_rate,LSTM,31,2029,173.36366841794984,-12.86676375511306,160.49690466283678
incidence_age_standardized_rate,LSTM,31,2030,169.77282169593389,-13.897693254093396,155.8751284418405
incidence_age_standardized_rate,LSTM,32,2024,170.90110498303508,4.914679677853426,175.8157846608885
incidence_age_standardized_rate,LSTM,32,2025,160.75990643994646,4.406105688417943,165.1660121283644
incidence_age_standardized_rate,LSTM,32,2026,150.60934369142507,8.512474904968377,159.12181859639344
incidence_age_standardized_rate,LSTM,32,2027,140.45329201505663,1.645120808956181,142.09841282401283
incidence_age_standardized_rate,LSTM,32,2028,130.29374036762766,-17.978745686258847,112.31499468136882
incidence_age_standardized_rate,LSTM,32,2029,120.1328354353436,-19.694729136025334,100.43810629931826
incidence_age_standardized_rate,LSTM,32,2030,109.97194588447447,8.24306894798784,118.2150148324623
incidence_age_standardized_rate,LSTM,33,2024,194.46223928964744,4.914679677853426,199.37691896750087
incidence_age_standardized_rate,LSTM,33,2025,191.0985913022394,4.406105688417943,195.50469699065735
incidence_age_standardized_rate,LSTM,33,2026,187.73080405668495,-13.926276525715789,173.80452753096915
incidence_age_standardized_rate,LSTM,33,2027,184.36055030556017,8.88069302904403,193.2412433346042
incidence_age_standardized_rate,LSTM,33,2028,180.98757148636764,10.989557847317029,191.97712933368467
incidence_age_standardized_rate,LSTM,33,2029,177.61511600218626,7.631598915858123,185.24671491804438
incidence_age_standardized_rate,LSTM,33,2030,174.24266446983344,13.003020201143203,187.24568467097666
incidence_age_standardized_rate,LSTM,34,2024,168.76243640757434,-5.252834306827302,163.50960210074703
incidence_age_standardized_rate,LSTM,34,2025,157.79151573024757,-7.428629517613846,150.36288621263373
incidence_age_standardized_rate,LSTM,34,2026,146.80815517060321,-13.926276525715789,132.88187864488742
incidence_age_standardized_rate,LSTM,34,2027,135.81707507330714,8.88069302904403,144.69776810235118
incidence_age_standardized_rate,LSTM,34,2028,124.81703187053586,9.928916650125483,134.74594852066133
incidence_age_standardized_rate,LSTM,34,2029,113.81392305026341,7.631598915858123,121.44552196612153
incidence_age_standardized_rate,LSTM,34,2030,102.8108646789899,-13.897693254093396,88.9131714248965
incidence_age_standardized_rate,LSTM,35,2024,195.12499532301797,-8.040339500931179,187.0846558220868
incidence_age_standardized_rate,LSTM,35,2025,188.22173412669116,4.406105688417943,192.6278398151091
incidence_age_standardized_rate,LSTM,35,2026,181.3089645984851,5.396355344699183,186.70531994318426
incidence_age_standardized_rate,LSTM,35,2027,174.39489661806647,8.88069302904403,183.2755896471105
incidence_age_standardized_rate,LSTM,35,2028,167.48072264154888,-11.745694584608835,155.73502805694005
incidence_age_standardized_rate,LSTM,35,2029,160.56663401253957,7.631598915858123,168.1982329283977
incidence_age_standardized_rate,LSTM,35,2030,153.65255020153472,13.003020201143203,166.65557040267794
incidence_age_standardized_rate,LSTM,36,2024,188.6289194344318,-5.252834306827302,183.37608512760448
incidence_age_standardized_rate,LSTM,36,2025,184.79052443778005,1.1632760798840143,185.95380051766406
incidence_age_standardized_rate,LSTM,36,2026,180.94182482055518,1.4247164128504588,182.36654123340566
incidence_age_standardized_rate,LSTM,36,2027,177.07746768128405,-10.505668613654604,166.57179906762946
incidence_age_standardized_rate,LSTM,36,2028,173.2079460513238,-17.978745686258847,155.22920036506497
incidence_age_standardized_rate,LSTM,36,2029,169.33185101271653,12.038457459966901,181.37030847268343
incidence_age_standardized_rate,LSTM,36,2030,165.45578835239456,13.003020201143203,178.45880855353778
incidence_age_standardized_rate,LSTM,37,2024,187.1435558775031,4.440346514522015,191.58390239202512
incidence_age_standardized_rate,LSTM,37,2025,179.82748993405784,1.1632760798840143,180.99076601394185
incidence_age_standardized_rate,LSTM,37,2026,172.49120389640507,5.396355344699183,177.88755924110424
incidence_age_standardized_rate,LSTM,37,2027,165.1411630052004,1.645120808956181,166.7862838141566
incidence_age_standardized_rate,LSTM,37,2028,157.76824818003072,10.989557847317029,168.75780602734775
incidence_age_standardized_rate,LSTM,37,2029,150.378473283964,10.876583241724711,161.25505652568873
incidence_age_standardized_rate,LSTM,37,2030,142.98890761381773,13.003020201143203,155.99192781496095
incidence_age_standardized_rate,LSTM,38,2024,173.53100826438563,0.8225604044780905,174.35356866886372
incidence_age_standardized_rate,LSTM,38,2025,165.34889923556878,1.1632760798840143,166.5121753154528
incidence_age_standardized_rate,LSTM,38,2026,157.155721307239,7.690905766363506,164.8466270736025
incidence_age_standardized_rate,LSTM,38,2027,148.95975185328558,-10.505668613654604,138.454083239631
incidence_age_standardized_rate,LSTM,38,2028,140.7594695870466,6.96666479341244,147.72613438045903
incidence_age_standardized_rate,LSTM,38,2029,132.5554566463778,10.876583241724711,143.4320398881025
incidence_age_standardized_rate,LSTM,38,2030,124.35145966619854,-21.27273877599308,103.07872089020546
incidence_age_standardized_rate,LSTM,39,2024,197.674945844491,0.8225604044780905,198.49750624896907
incidence_age_standardized_rate,LSTM,39,2025,191.94384665371174,-7.428629517613846,184.5152171360979
incidence_age_standardized_rate,LSTM,39,2026,186.2115493410994,-13.926276525715789,172.28527281538362
incidence_age_standardized_rate,LSTM,39,2027,180.47992500786438,-16.080679001862357,164.39924600600202
incidence_age_standardized_rate,LSTM,39,2028,174.75065128168058,-17.978745686258847,156.77190559542174
incidence_age_standardized_rate,LSTM,39,2029,169.02140519457342,12.038457459966901,181.05986265454032
incidence_age_standardized_rate,LSTM,39,2030,163.29215685777396,2.176290268577728,165.4684471263517
incidence_age_standardized_rate,LSTM,40,2024,177.18373154522098,3.115587210904949,180.29931875612593
incidence_age_standardized_rate,LSTM,40,2025,166.22898721790082,-11.370757168300992,154.85823004959983
incidence_age_standardized_rate,LSTM,40,2026,155.26428314440324,8.512474904968377,163.7767580493716
incidence_age_standardized_rate,LSTM,40,2027,144.29335592226113,6.231174421809898,150.52453034407102
incidence_age_standardized_rate,LSTM,40,2028,133.3317722317848,10.989557847317029,144.32133007910184
incidence_age_standardized_rate,LSTM,40,2029,122.3602869062499,-19.694729136025334,102.66555777022457
incidence_age_standardized_rate,LSTM,40,2030,111.38879513853212,-21.27273877599308,90.11605636253904
incidence_age_standardized_rate,LSTM,41,2024,176.07781516861976,3.115587210904949,179.1934023795247
incidence_age_standardized_rate,LSTM,41,2025,164.64594159332827,-11.370757168300992,153.27518442502728
incidence_age_standardized_rate,LSTM,41,2026,153.21767107589417,-9.098175903165732,144.11949517272845
incidence_age_standardized_rate,LSTM,41,2027,141.79398842115833,9.829359355706853,151.6233477768652
incidence_age_standardized_rate,LSTM,41,2028,130.37572106901223,-11.745694584608835,118.6300264844034
incidence_age_standardized_rate,LSTM,41,2029,118.95660424588178,7.631598915858123,126.5882031617399
incidence_age_standardized_rate,LSTM,41,2030,107.53749521606309,-21.27273877599308,86.26475644007002
incidence_age_standardized_rate,LSTM,42,2024,177.3919712672681,0.8225604044780905,178.2145316717462
incidence_age_standardized_rate,LSTM,42,2025,170.4750254835299,-11.370757168300992,159.1042683152289
incidence_age_standardized_rate,LSTM,42,2026,163.4166985849833,7.690905766363506,171.1076043513468
incidence_age_standardized_rate,LSTM,42,2027,156.53406557430657,-10.505668613654604,146.02839696065197
incidence_age_standardized_rate,LSTM,42,2028,149.5169989601657,10.989557847317029,160.50655680748272
incidence_age_standardized_rate,LSTM,42,2029,142.3282888494814,7.631598915858123,149.95988776533952
incidence_age_standardized_rate,LSTM,42,2030,135.1408922773884,8.24306894798784,143.38396122537623
incidence_age_standardized_rate,LSTM,43,2024,167.9312988365873,4.914679677853426,172.84597851444073
incidence_age_standardized_rate,LSTM,43,2025,152.70028460096185,6.950406655139749,159.6506912561016
incidence_age_standardized_rate,LSTM,43,2026,137.4733846915362,5.396355344699183,142.86974003623538
incidence_age_standardized_rate,LSTM,43,2027,122.24607900428116,8.88069302904403,131.12677203332518
incidence_age_standardized_rate,LSTM,43,2028,107.02136457820315,1.8393009800127327,108.86066555821589
incidence_age_standardized_rate,LSTM,43,2029,91.79649169370784,2.0148532735886646,93.8113449672965
incidence_age_standardized_rate,LSTM,43,2030,76.57161197375139,-21.27273877599308,55.29887319775831
incidence_age_standardized_rate,LSTM,44,2024,181.0210270263437,3.115587210904949,184.13661423724864
incidence_age_standardized_rate,LSTM,44,2025,170.49666189902672,6.950406655139749,177.44706855416646
incidence_age_standardized_rate,LSTM,44,2026,159.96390003762878,-13.926276525715789,146.03762351191298
incidence_age_standardized_rate,LSTM,44,2027,149.4280990448461,-10.505668613654604,138.92243043119151
incidence_age_standardized_rate,LSTM,44,2028,138.9163928166642,6.96666479341244,145.88305761007663
incidence_age_standardized_rate,LSTM,44,2029,128.41157491437107,7.631598915858123,136.0431738302292
incidence_age_standardized_rate,LSTM,44,2030,117.90677045829604,-13.897693254093396,104.00907720420264
incidence_age_standardized_rate,LSTM,45,2024,190.01402715986862,3.115587210904949,193.12961437077357
incidence_age_standardized_rate,LSTM,45,2025,183.19207642400767,1.1632760798840143,184.35535250389168
incidence_age_standardized_rate,LSTM,45,2026,176.3551401090409,-13.926276525715789,162.4288635833251
incidence_age_standardized_rate,LSTM,45,2027,169.5133061813876,8.88069302904403,178.39399921043164
incidence_age_standardized_rate,LSTM,45,2028,162.6697797733193,1.8393009800127327,164.50908075333203
incidence_age_standardized_rate,LSTM,45,2029,155.82640543503874,12.038457459966901,167.86486289500564
incidence_age_standardized_rate,LSTM,45,2030,148.9830432998893,8.24306894798784,157.22611224787713
incidence_age_standardized_rate,LSTM,46,2024,187.5834765771001,0.8225604044780905,188.40603698157818
incidence_age_standardized_rate,LSTM,46,2025,179.4189996734517,6.950406655139749,186.36940632859145
incidence_age_standardized_rate,LSTM,46,2026,171.25301391046673,-13.926276525715789,157.32673738475094
incidence_age_standardized_rate,LSTM,46,2027,163.07998111145514,-10.505668613654604,152.57431249780055
incidence_age_standardized_rate,LSTM,46,2028,154.8879165953641,6.96666479341244,161.85458138877652
incidence_age_standardized_rate,LSTM,46,2029,146.70242552091554,-12.86676375511306,133.83566176580248
incidence_age_standardized_rate,LSTM,46,2030,138.51696873566854,-13.897693254093396,124.61927548157514
incidence_age_standardized_rate,LSTM,47,2024,180.5242868758026,3.115587210904949,183.63987408670755
incidence_age_standardized_rate,LSTM,47,2025,173.0050192811298,1.1632760798840143,174.1682953610138
incidence_age_standardized_rate,LSTM,47,2026,165.4690774967502,5.396355344699183,170.86543284144938
incidence_age_standardized_rate,LSTM,47,2027,157.89715739493602,9.829359355706853,167.72651675064287
incidence_age_standardized_rate,LSTM,47,2028,150.31391805857368,6.96666479341244,157.2805828519861
incidence_age_standardized_rate,LSTM,47,2029,142.7226885712003,2.0148532735886646,144.73754184478898
incidence_age_standardized_rate,LSTM,47,2030,135.13172635691956,-13.897693254093396,121.23403310282616
incidence_age_standardized_rate,LSTM,48,2024,198.27052936955374,4.440346514522015,202.71087588407576
incidence_age_standardized_rate,LSTM,48,2025,190.7735246794978,-11.370757168300992,179.4027675111968
incidence_age_standardized_rate,LSTM,48,2026,183.26792464849714,5.396355344699183,188.66427999319632
incidence_age_standardized_rate,LSTM,48,2027,175.7658748568966,-16.080679001862357,159.68519585503424
incidence_age_standardized_rate,LSTM,48,2028,168.24168378731693,6.96666479341244,175.20834858072936
incidence_age_standardized_rate,LSTM,48,2029,160.72473565303582,-19.694729136025334,141.0300065170105
incidence_age_standardized_rate,LSTM,48,2030,153.20783810788157,-13.897693254093396,139.3101448537882
incidence_age_standardized_rate,LSTM,49,2024,189.07402489279175,0.8225604044780905,189.89658529726984
incidence_age_standardized_rate,LSTM,49,2025,177.81706841998277,6.279598262473135,184.09666668245592
incidence_age_standardized_rate,LSTM,49,2026,166.55279010470588,8.512474904968377,175.06526500967425
incidence_age_standardized_rate,LSTM,49,2027,155.29084697525508,8.88069302904403,164.17154000429912
incidence_age_standardized_rate,LSTM,49,2028,144.03057803734654,10.989557847317029,155.02013588466357
incidence_age_standardized_rate,LSTM,49,2029,132.7692488728756,10.876583241724711,143.64583211460032
incidence_age_standardized_rate,LSTM,49,2030,121.50791945000188,8.24306894798784,129.75098839798972
incidence_age_standardized_rate,LSTM,50,2024,184.29622526715457,-5.252834306827302,179.04339096032726
incidence_age_standardized_rate,LSTM,50,2025,175.156671366336,-11.370757168300992,163.78591419803502
incidence_age_standardized_rate,LSTM,50,2026,166.0068584733382,7.690905766363506,173.6977642397017
incidence_age_standardized_rate,LSTM,50,2027,156.8636665875011,-16.080679001862357,140.78298758563872
incidence_age_standardized_rate,LSTM,50,2028,147.7247755804919,9.928916650125483,157.65369223061737
incidence_age_standardized_rate,LSTM,50,2029,138.570495259075,-12.86676375511306,125.70373150396193
incidence_age_standardized_rate,LSTM,50,2030,129.4162202249467,11.748052612377709,141.1642728373244
incidence_age_standardized_rate,LSTM,51,2024,196.5514865483849,4.440346514522015,200.99183306290692
incidence_age_standardized_rate,LSTM,51,2025,186.46514660563113,-11.370757168300992,175.09438943733014
incidence_age_standardized_rate,LSTM,51,2026,176.3853393200035,-9.098175903165732,167.28716341683779
incidence_age_standardized_rate,LSTM,51,2027,166.32117779988016,-10.505668613654604,155.81550918622557
incidence_age_standardized_rate,LSTM,51,2028,156.25984931486136,1.8393009800127327,158.09915029487408
incidence_age_standardized_rate,LSTM,51,2029,146.20984809412474,10.876583241724711,157.08643133584945
incidence_age_standardized_rate,LSTM,51,2030,136.15977139080047,-21.27273877599308,114.8870326148074
incidence_age_standardized_rate,LSTM,52,2024,196.18282077753003,0.8225604044780905,197.0053811820081
incidence_age_standardized_rate,LSTM,52,2025,186.4866200759568,1.1632760798840143,187.64989615584082
incidence_age_standardized_rate,LSTM,52,2026,176.80238437260158,8.512474904968377,185.31485927756995
incidence_age_standardized_rate,LSTM,52,2027,167.13106287898214,-16.080679001862357,151.05038387711977
incidence_age_standardized_rate,LSTM,52,2028,157.45152662775521,6.96666479341244,164.41819142116765
incidence_age_standardized_rate,LSTM,52,2029,147.7714292031695,-19.694729136025334,128.07670006714417
incidence_age_standardized_rate,LSTM,52,2030,138.09133327758985,11.748052612377709,149.83938588996756
incidence_age_standardized_rate,LSTM,53,2024,170.14254460799197,4.914679677853426,175.0572242858454
incidence_age_standardized_rate,LSTM,53,2025,162.1896767537088,-11.370757168300992,150.8189195854078
incidence_age_standardized_rate,LSTM,53,2026,154.20057046999284,1.4247164128504588,155.6252868828433
incidence_age_standardized_rate,LSTM,53,2027,146.1730687265369,-16.080679001862357,130.09238972467455
incidence_age_standardized_rate,LSTM,53,2028,138.13246658698807,10.989557847317029,149.1220244343051
incidence_age_standardized_rate,LSTM,53,2029,130.08132766665352,-19.694729136025334,110.38659853062819
incidence_age_standardized_rate,LSTM,53,2030,122.03042750891645,13.003020201143203,135.03344771005965
incidence_age_standardized_rate,LSTM,54,2024,183.175035832126,-5.252834306827302,177.9222015252987
incidence_age_standardized_rate,LSTM,54,2025,178.35679046723882,-7.428629517613846,170.92816094962498
incidence_age_standardized_rate,LSTM,54,2026,173.5292894850999,-13.926276525715789,159.6030129593841
incidence_age_standardized_rate,LSTM,54,2027,168.69642442677673,8.88069302904403,177.57711745582077
incidence_age_standardized_rate,LSTM,54,2028,163.85798147438697,9.928916650125483,173.78689812451245
incidence_age_standardized_rate,LSTM,54,2029,159.01737059218135,10.876583241724711,169.89395383390607
incidence_age_standardized_rate,LSTM,54,2030,154.1767697196555,8.24306894798784,162.41983866764335
incidence_age_standardized_rate,LSTM,55,2024,184.20865901301394,0.8225604044780905,185.03121941749203
incidence_age_standardized_rate,LSTM,55,2025,176.841552537746,-11.370757168300992,165.470795369445
incidence_age_standardized_rate,LSTM,55,2026,169.43972686851654,8.512474904968377,177.95220177348492
incidence_age_standardized_rate,LSTM,55,2027,161.91593485211334,-16.080679001862357,145.83525585025097
incidence_age_standardized_rate,LSTM,55,2028,154.45805760141013,10.989557847317029,165.44761544872716
incidence_age_standardized_rate,LSTM,55,2029,147.09896083859624,2.0148532735886646,149.1138141121849
incidence_age_standardized_rate,LSTM,55,2030,139.73705546885503,-13.897693254093396,125.83936221476164
incidence_age_standardized_rate,LSTM,56,2024,177.1680739509728,4.440346514522015,181.60842046549482
incidence_age_standardized_rate,LSTM,56,2025,170.98025820140592,4.406105688417943,175.38636388982385
incidence_age_standardized_rate,LSTM,56,2026,164.75377069735194,-9.098175903165732,155.65559479418621
incidence_age_standardized_rate,LSTM,56,2027,158.46621363324718,1.645120808956181,160.11133444220337
incidence_age_standardized_rate,LSTM,56,2028,152.18073884016513,9.928916650125483,162.1096554902906
incidence_age_standardized_rate,LSTM,56,2029,145.8698620322359,2.0148532735886646,147.88471530582456
incidence_age_standardized_rate,LSTM,56,2030,139.5592024734347,-21.27273877599308,118.28646369744163
incidence_age_standardized_rate,LSTM,57,2024,187.33890382363822,-5.252834306827302,182.0860695168109
incidence_age_standardized_rate,LSTM,57,2025,176.15712898444332,1.1632760798840143,177.32040506432733
incidence_age_standardized_rate,LSTM,57,2026,164.97666937743537,8.512474904968377,173.48914428240374
incidence_age_standardized_rate,LSTM,57,2027,153.79836888511804,9.829359355706853,163.6277282408249
incidence_age_standardized_rate,LSTM,57,2028,142.6171124405366,-11.745694584608835,130.87141785592777
incidence_age_standardized_rate,LSTM,57,2029,131.43767116493612,-19.694729136025334,111.74294202891079
incidence_age_standardized_rate,LSTM,57,2030,120.25822898895419,8.24306894798784,128.50129793694202
incidence_age_standardized_rate,LSTM,58,2024,203.44899475553368,-8.040339500931179,195.4086552546025
incidence_age_standardized_rate,LSTM,58,2025,197.72044282189128,6.950406655139749,204.67084947703103
incidence_age_standardized_rate,LSTM,58,2026,191.98993882920576,-9.098175903165732,182.89176292604003
incidence_age_standardized_rate,LSTM,58,2027,186.25969368652775,-16.080679001862357,170.1790146846654
incidence_age_standardized_rate,LSTM,58,2028,180.52615354824718,6.96666479341244,187.4928183416596
incidence_age_standardized_rate,LSTM,58,2029,174.7928441299838,12.038457459966901,186.8313015899507
incidence_age_standardized_rate,LSTM,58,2030,169.05953795748852,11.748052612377709,180.80759056986622
incidence_age_standardized_rate,LSTM,59,2024,188.64107710252532,3.115587210904949,191.75666431343026
incidence_age_standardized_rate,LSTM,59,2025,182.1409387730911,-7.428629517613846,174.71230925547727
incidence_age_standardized_rate,LSTM,59,2026,175.61588492699659,1.4247164128504588,177.04060133984706
incidence_age_standardized_rate,LSTM,59,2027,169.07789587764938,1.645120808956181,170.72301668660558
incidence_age_standardized_rate,LSTM,59,2028,162.53088172733868,1.8393009800127327,164.3701827073514
incidence_age_standardized_rate,LSTM,59,2029,155.98154724605735,-12.86676375511306,143.1147834909443
incidence_age_standardized_rate,LSTM,59,2030,149.43230574018122,13.003020201143203,162.43532594132444
incidence_age_standardized_rate,LSTM,60,2024,174.8793222336313,-8.040339500931179,166.83898273270015
incidence_age_standardized_rate,LSTM,60,2025,167.74721000478974,6.950406655139749,174.69761665992948
incidence_age_standardized_rate,LSTM,60,2026,160.59618454348754,5.396355344699183,165.9925398881867
incidence_age_standardized_rate,LSTM,60,2027,153.4229891377618,-10.505668613654604,142.9173205241072
incidence_age_standardized_rate,LSTM,60,2028,146.24025115677486,10.989557847317029,157.2298090040919
incidence_age_standardized_rate,LSTM,60,2029,139.05032081275306,-12.86676375511306,126.18355705764
incidence_age_standardized_rate,LSTM,60,2030,131.8605219648395,-13.897693254093396,117.96282871074611
incidence_age_standardized_rate,LSTM,61,2024,190.58961490075154,4.440346514522015,195.02996141527356
incidence_age_standardized_rate,LSTM,61,2025,185.66086405434626,6.279598262473135,191.9404623168194
incidence_age_standardized_rate,LSTM,61,2026,180.72259439631875,-9.098175903165732,171.62441849315303
incidence_age_standardized_rate,LSTM,61,2027,175.77115444245717,-10.505668613654604,165.26548582880258
incidence_age_standardized_rate,LSTM,61,2028,170.80635589783475,10.989557847317029,181.79591374515178
incidence_age_standardized_rate,LSTM,61,2029,165.84177152072436,12.038457459966901,177.88022898069127
incidence_age_standardized_rate,LSTM,61,2030,160.87722394017982,2.176290268577728,163.05351420875755
incidence_age_standardized_rate,LSTM,62,2024,173.52753925553563,-5.252834306827302,168.27470494870832
incidence_age_standardized_rate,LSTM,62,2025,167.71530227913203,1.1632760798840143,168.87857835901605
incidence_age_standardized_rate,LSTM,62,2026,161.89094413613776,5.396355344699183,167.28729948083694
incidence_age_standardized_rate,LSTM,62,2027,156.06093727291795,8.88069302904403,164.941630301962
incidence_age_standardized_rate,LSTM,62,2028,150.22856687454805,-11.745694584608835,138.48287228993922
incidence_age_standardized_rate,LSTM,62,2029,144.39585726623986,12.038457459966901,156.43431472620676
incidence_age_standardized_rate,LSTM,62,2030,138.56315786338826,13.003020201143203,151.56617806453147
incidence_age_standardized_rate,LSTM,63,2024,176.0503448381604,0.8225604044780905,176.8729052426385
incidence_age_standardized_rate,LSTM,63,2025,164.67648774752234,-7.428629517613846,157.2478582299085
incidence_age_standardized_rate,LSTM,63,2026,153.30178065450838,7.690905766363506,160.99268642087188
incidence_age_standardized_rate,LSTM,63,2027,141.93145672248033,6.231174421809898,148.16263114429023
incidence_age_standardized_rate,LSTM,63,2028,130.56430741034916,6.96666479341244,137.5309722037616
incidence_age_standardized_rate,LSTM,63,2029,119.20001609671299,2.0148532735886646,121.21486937030166
incidence_age_standardized_rate,LSTM,63,2030,107.83572646425239,-13.897693254093396,93.93803321015899
incidence_age_standardized_rate,LSTM,64,2024,175.50722037702832,-8.040339500931179,167.46688087609715
incidence_age_standardized_rate,LSTM,64,2025,163.0651331607879,6.279598262473135,169.34473142326104
incidence_age_standardized_rate,LSTM,64,2026,150.64343139803458,-9.098175903165732,141.54525549486885
incidence_age_standardized_rate,LSTM,64,2027,138.21031557788044,9.829359355706853,148.0396749335873
incidence_age_standardized_rate,LSTM,64,2028,125.79141308118382,-11.745694584608835,114.04571849657498
incidence_age_standardized_rate,LSTM,64,2029,113.3606311551922,12.038457459966901,125.3990886151591
incidence_age_standardized_rate,LSTM,64,2030,100.92988764943834,13.003020201143203,113.93290785058154
incidence_age_standardized_rate,LSTM,65,2024,191.54180813327767,-8.040339500931179,183.5014686323465
incidence_age_standardized_rate,LSTM,65,2025,182.33971417461913,6.279598262473135,188.61931243709228
incidence_age_standardized_rate,LSTM,65,2026,173.13099989707604,-9.098175903165732,164.0328239939103
incidence_age_standardized_rate,LSTM,65,2027,163.9225550367997,-16.080679001862357,147.84187603493734
incidence_age_standardized_rate,LSTM,65,2028,154.70973206044147,-11.745694584608835,142.96403747583264
incidence_age_standardized_rate,LSTM,65,2029,145.5007459717234,7.631598915858123,153.13234488758152
incidence_age_standardized_rate,LSTM,65,2030,136.2917629608873,-13.897693254093396,122.3940697067939
incidence_age_standardized_rate,LSTM,66,2024,181.75322708892372,0.8225604044780905,182.5757874934018
incidence_age_standardized_rate,LSTM,66,2025,173.65452907667867,-7.428629517613846,166.22589955906483
incidence_age_standardized_rate,LSTM,66,2026,165.54830336447196,1.4247164128504588,166.97301977732243
incidence_age_standardized_rate,LSTM,66,2027,157.43997676673945,9.829359355706853,167.2693361224463
incidence_age_standardized_rate,LSTM,66,2028,149.32319339500702,6.96666479341244,156.28985818841946
incidence_age_standardized_rate,LSTM,66,2029,141.19436556138416,7.631598915858123,148.82596447724228
incidence_age_standardized_rate,LSTM,66,2030,133.06557137032007,2.176290268577728,135.2418616388978
incidence_age_standardized_rate,LSTM,67,2024,181.51026072376226,0.8225604044780905,182.33282112824034
incidence_age_standardized_rate,LSTM,67,2025,174.6092864559537,6.950406655139749,181.55969311109345
incidence_age_standardized_rate,LSTM,67,2026,167.6978559327703,1.4247164128504588,169.12257234562077
incidence_age_standardized_rate,LSTM,67,2027,160.7716293377172,9.829359355706853,170.60098869342406
incidence_age_standardized_rate,LSTM,67,2028,153.83463929814414,6.96666479341244,160.80130409155657
incidence_age_standardized_rate,LSTM,67,2029,146.90247264546832,7.631598915858123,154.53407156132644
incidence_age_standardized_rate,LSTM,67,2030,139.9703513198195,-13.897693254093396,126.07265806572612
incidence_age_standardized_rate,LSTM,68,2024,172.50149673259787,4.440346514522015,176.9418432471199
incidence_age_standardized_rate,LSTM,68,2025,166.2457731561301,1.1632760798840143,167.4090492360141
incidence_age_standardized_rate,LSTM,68,2026,159.95284940911466,8.512474904968377,168.46532431408303
incidence_age_standardized_rate,LSTM,68,2027,153.67202512999555,-16.080679001862357,137.59134612813318
incidence_age_standardized_rate,LSTM,68,2028,147.39418922654838,-17.978745686258847,129.41544354028952
incidence_age_standardized_rate,LSTM,68,2029,141.0729697770521,-19.694729136025334,121.37824064102676
incidence_age_standardized_rate,LSTM,68,2030,134.75184345601537,8.24306894798784,142.9949124040032
incidence_age_standardized_rate,LSTM,69,2024,184.0715725852685,3.115587210904949,187.18715979617346
incidence_age_standardized_rate,LSTM,69,2025,177.27657315978274,6.950406655139749,184.2269798149225
incidence_age_standardized_rate,LSTM,69,2026,170.48059026467476,7.690905766363506,178.17149603103826
incidence_age_standardized_rate,LSTM,69,2027,163.66528927476426,-16.080679001862357,147.5846102729019
incidence_age_standardized_rate,LSTM,69,2028,156.8431487626989,1.8393009800127327,158.6824497427116
incidence_age_standardized_rate,LSTM,69,2029,150.00656028211455,-19.694729136025334,130.31183114608922
incidence_age_standardized_rate,LSTM,69,2030,143.17006815589508,8.24306894798784,151.41313710388292
incidence_age_standardized_rate,LSTM,70,2024,198.3014699169985,-5.252834306827302,193.0486356101712
incidence_age_standardized_rate,LSTM,70,2025,190.72047529143646,1.1632760798840143,191.88375137132047
incidence_age_standardized_rate,LSTM,70,2026,183.14600614307375,7.690905766363506,190.83691190943725
incidence_age_standardized_rate,LSTM,70,2027,175.568237620383,-10.505668613654604,165.0625690067284
incidence_age_standardized_rate,LSTM,70,2028,167.98612868453964,-17.978745686258847,150.00738299828078
incidence_age_standardized_rate,LSTM,70,2029,160.40447055228586,-12.86676375511306,147.5377067971728
incidence_age_standardized_rate,LSTM,70,2030,152.82281229304516,2.176290268577728,154.9991025616229
incidence_age_standardized_rate,LSTM,71,2024,181.96097834161225,-8.040339500931179,173.92063884068108
incidence_age_standardized_rate,LSTM,71,2025,174.71593138046347,-7.428629517613846,167.28730186284963
incidence_age_standardized_rate,LSTM,71,2026,167.4428574855227,-13.926276525715789,153.5165809598069
incidence_age_standardized_rate,LSTM,71,2027,160.1254627772161,8.88069302904403,169.00615580626013
incidence_age_standardized_rate,LSTM,71,2028,152.78295370223393,10.989557847317029,163.77251154955096
incidence_age_standardized_rate,LSTM,71,2029,145.43207307024014,7.631598915858123,153.06367198609826
incidence_age_standardized_rate,LSTM,71,2030,138.08174180693283,2.176290268577728,140.25803207551056
incidence_age_standardized_rate,LSTM,72,2024,191.2176648084542,3.115587210904949,194.33325201935915
incidence_age_standardized_rate,LSTM,72,2025,184.69429154591825,6.279598262473135,190.9738898083914
incidence_age_standardized_rate,LSTM,72,2026,178.16547134517054,-13.926276525715789,164.23919481945475
incidence_age_standardized_rate,LSTM,72,2027,171.63406673384995,9.829359355706853,181.4634260895568
incidence_age_standardized_rate,LSTM,72,2028,165.09906826638965,1.8393009800127327,166.93836924640237
incidence_age_standardized_rate,LSTM,72,2029,158.5667669596641,12.038457459966901,170.605224419631
incidence_age_standardized_rate,LSTM,72,2030,152.03447140098606,11.748052612377709,163.78252401336377
incidence_age_standardized_rate,LSTM,73,2024,194.1266456504319,-5.252834306827302,188.8738113436046
incidence_age_standardized_rate,LSTM,73,2025,187.08981083393033,-11.370757168300992,175.71905366562933
incidence_age_standardized_rate,LSTM,73,2026,180.07254460256723,1.4247164128504588,181.4972610154177
incidence_age_standardized_rate,LSTM,73,2027,173.06451427762093,8.88069302904403,181.94520730666497
incidence_age_standardized_rate,LSTM,73,2028,166.05284792137513,-11.745694584608835,154.3071533367663
incidence_age_standardized_rate,LSTM,73,2029,159.04601495466153,12.038457459966901,171.08447241462844
incidence_age_standardized_rate,LSTM,73,2030,152.03919986444876,-21.27273877599308,130.76646108845569
incidence_age_standardized_rate,LSTM,74,2024,170.82327989206908,3.115587210904949,173.93886710297403
incidence_age_standardized_rate,LSTM,74,2025,160.27468829979676,1.1632760798840143,161.43796437968078
incidence_age_standardized_rate,LSTM,74,2026,149.721428686546,5.396355344699183,155.11778403124518
incidence_age_standardized_rate,LSTM,74,2027,139.1655583650867,-10.505668613654604,128.6598897514321
incidence_age_standardized_rate,LSTM,74,2028,128.60948261445213,-17.978745686258847,110.63073692819329
incidence_age_standardized_rate,LSTM,74,2029,118.06280909351673,12.038457459966901,130.10126655348364
incidence_age_standardized_rate,LSTM,74,2030,107.51613516062443,8.24306894798784,115.75920410861227
incidence_age_standardized_rate,LSTM,75,2024,180.29795253224935,0.8225604044780905,181.12051293672744
incidence_age_standardized_rate,LSTM,75,2025,175.2524602534342,6.950406655139749,182.20286690857395
incidence_age_standardized_rate,LSTM,75,2026,170.1893332985327,-9.098175903165732,161.09115739536696
incidence_age_standardized_rate,LSTM,75,2027,165.12877909947034,-16.080679001862357,149.04810009760797
incidence_age_standardized_rate,LSTM,75,2028,160.050374849459,10.989557847317029,171.03993269677602
incidence_age_standardized_rate,LSTM,75,2029,154.965957860264,12.038457459966901,167.00441532023092
incidence_age_standardized_rate,LSTM,75,2030,149.8815789626338,11.748052612377709,161.6296315750115
incidence_age_standardized_rate,LSTM,76,2024,198.54826760515127,4.440346514522015,202.9886141196733
incidence_age_standardized_rate,LSTM,76,2025,192.756152836723,-7.428629517613846,185.32752331910916
incidence_age_standardized_rate,LSTM,76,2026,186.9457526750752,8.512474904968377,195.45822758004357
incidence_age_standardized_rate,LSTM,76,2027,181.14654071517114,6.231174421809898,187.37771513698104
incidence_age_standardized_rate,LSTM,76,2028,175.31425192546988,10.989557847317029,186.3038097727869
incidence_age_standardized_rate,LSTM,76,2029,169.48182970444518,-19.694729136025334,149.78710056841985
incidence_age_standardized_rate,LSTM,76,2030,163.64956624607686,-13.897693254093396,149.75187299198348
incidence_age_standardized_rate,LSTM,77,2024,171.48421803688157,4.440346514522015,175.9245645514036
incidence_age_standardized_rate,LSTM,77,2025,162.81053130931116,1.1632760798840143,163.97380738919517
incidence_age_standardized_rate,LSTM,77,2026,154.14134901285155,-9.098175903165732,145.04317310968582
incidence_age_standardized_rate,LSTM,77,2027,145.4608554742868,8.88069302904403,154.34154850333084
incidence_age_standardized_rate,LSTM,77,2028,136.75680349465324,10.989557847317029,147.74636134197027
incidence_age_standardized_rate,LSTM,77,2029,128.0344959909445,-12.86676375511306,115.16773223583144
incidence_age_standardized_rate,LSTM,77,2030,119.31227964129505,2.176290268577728,121.48856990987278
incidence_age_standardized_rate,LSTM,78,2024,176.5061707117656,0.8225604044780905,177.3287311162437
incidence_age_standardized_rate,LSTM,78,2025,165.56670746091118,-11.370757168300992,154.19595029261018
incidence_age_standardized_rate,LSTM,78,2026,154.62059985595505,-13.926276525715789,140.69432333023926
incidence_age_standardized_rate,LSTM,78,2027,143.68235118727588,1.645120808956181,145.32747199623208
incidence_age_standardized_rate,LSTM,78,2028,132.73719932877904,1.8393009800127327,134.57650030879176
incidence_age_standardized_rate,LSTM,78,2029,121.79472910263634,-19.694729136025334,102.09999996661101
incidence_age_standardized_rate,LSTM,78,2030,110.85226359331762,-13.897693254093396,96.95457033922422
incidence_age_standardized_rate,LSTM,79,2024,182.82659652890501,0.8225604044780905,183.6491569333831
incidence_age_standardized_rate,LSTM,79,2025,170.4981023688797,1.1632760798840143,171.6613784487637
incidence_age_standardized_rate,LSTM,79,2026,158.14819759924063,-13.926276525715789,144.22192107352484
incidence_age_standardized_rate,LSTM,79,2027,145.80201914829325,-10.505668613654604,135.29635053463866
incidence_age_standardized_rate,LSTM,79,2028,133.45294179435524,6.96666479341244,140.41960658776767
incidence_age_standardized_rate,LSTM,79,2029,121.12238035852167,-19.694729136025334,101.42765122249634
incidence_age_standardized_rate,LSTM,79,2030,108.79184559540326,2.176290268577728,110.96813586398099
incidence_age_standardized_rate,LSTM,80,2024,188.20272672108075,4.440346514522015,192.64307323560277
incidence_age_standardized_rate,LSTM,80,2025,181.332128874408,4.406105688417943,185.73823456282594
incidence_age_standardized_rate,LSTM,80,2026,174.45260163635956,7.690905766363506,182.14350740272306
incidence_age_standardized_rate,LSTM,80,2027,167.5667516679698,9.829359355706853,177.39611102367667
incidence_age_standardized_rate,LSTM,80,2028,160.6907666233525,-17.978745686258847,142.71202093709365
incidence_age_standardized_rate,LSTM,80,2029,153.7997303427386,-19.694729136025334,134.10500120671327
incidence_age_standardized_rate,LSTM,80,2030,146.90873542094954,-13.897693254093396,133.01104216685616
incidence_age_standardized_rate,LSTM,81,2024,176.45033352954644,4.914679677853426,181.36501320739987
incidence_age_standardized_rate,LSTM,81,2025,164.92099821483987,6.279598262473135,171.200596477313
incidence_age_standardized_rate,LSTM,81,2026,153.4069546895115,-9.098175903165732,144.30877878634578
incidence_age_standardized_rate,LSTM,81,2027,141.89585199256965,1.645120808956181,143.54097280152584
incidence_age_standardized_rate,LSTM,81,2028,130.3828378390026,9.928916650125483,140.31175448912808
incidence_age_standardized_rate,LSTM,81,2029,118.85644212529174,-19.694729136025334,99.1617129892664
incidence_age_standardized_rate,LSTM,81,2030,107.3300656407036,2.176290268577728,109.50635590928133
incidence_age_standardized_rate,LSTM,82,2024,190.3868080276942,-8.040339500931179,182.34646852676303
incidence_age_standardized_rate,LSTM,82,2025,182.5296805203104,-7.428629517613846,175.10105100269655
incidence_age_standardized_rate,LSTM,82,2026,174.67011652727004,-9.098175903165732,165.57194062410431
incidence_age_standardized_rate,LSTM,82,2027,166.8122119431256,6.231174421809898,173.0433863649355
incidence_age_standardized_rate,LSTM,82,2028,158.95448060227707,1.8393009800127327,160.7937815822898
incidence_age_standardized_rate,LSTM,82,2029,151.09671384056088,-19.694729136025334,131.40198470453555
incidence_age_standardized_rate,LSTM,82,2030,143.23894590374482,-21.27273877599308,121.96620712775174
incidence_age_standardized_rate,LSTM,83,2024,176.80898251811672,-5.252834306827302,171.5561482112894
incidence_age_standardized_rate,LSTM,83,2025,169.48719212365654,-11.370757168300992,158.11643495535554
incidence_age_standardized_rate,LSTM,83,2026,162.16330470508925,-13.926276525715789,148.23702817937345
incidence_age_standardized_rate,LSTM,83,2027,154.84489074941894,9.829359355706853,164.6742501051258
incidence_age_standardized_rate,LSTM,83,2028,147.5267170805145,9.928916650125483,157.45563373063996
incidence_age_standardized_rate,LSTM,83,2029,140.21612301840887,10.876583241724711,151.09270626013358
incidence_age_standardized_rate,LSTM,83,2030,132.90552142255976,-13.897693254093396,119.00782816846636
incidence_age_standardized_rate,LSTM,84,2024,181.72624527497393,4.440346514522015,186.16659178949595
incidence_age_standardized_rate,LSTM,84,2025,171.8932070723814,6.279598262473135,178.17280533485453
incidence_age_standardized_rate,LSTM,84,2026,162.04516181448935,8.512474904968377,170.55763671945772
incidence_age_standardized_rate,LSTM,84,2027,152.19304509654023,-10.505668613654604,141.68737648288564
incidence_age_standardized_rate,LSTM,84,2028,142.33820653372587,-11.745694584608835,130.59251194911704
incidence_age_standardized_rate,LSTM,84,2029,132.4769894070472,10.876583241724711,143.35357264877192
incidence_age_standardized_rate,LSTM,84,2030,122.61581441584126,-21.27273877599308,101.34307563984818
incidence_age_standardized_rate,LSTM,85,2024,184.58811573696164,-8.040339500931179,176.54777623603047
incidence_age_standardized_rate,LSTM,85,2025,178.29729292067202,-11.370757168300992,166.92653575237102
incidence_age_standardized_rate,LSTM,85,2026,172.00228313317618,8.512474904968377,180.51475803814455
incidence_age_standardized_rate,LSTM,85,2027,165.70270451475062,6.231174421809898,171.93387893656052
incidence_age_standardized_rate,LSTM,85,2028,159.4018873364412,-17.978745686258847,141.42314165018234
incidence_age_standardized_rate,LSTM,85,2029,153.0988606240811,-12.86676375511306,140.23209686896806
incidence_age_standardized_rate,LSTM,85,2030,146.79584143535124,8.24306894798784,155.03891038333907
incidence_age_standardized_rate,LSTM,86,2024,176.02870986686307,4.914679677853426,180.9433895447165
incidence_age_standardized_rate,LSTM,86,2025,169.5842694652047,-7.428629517613846,162.15563994759086
incidence_age_standardized_rate,LSTM,86,2026,163.12187351659344,5.396355344699183,168.5182288612926
incidence_age_standardized_rate,LSTM,86,2027,156.65888231875903,-16.080679001862357,140.57820331689666
incidence_age_standardized_rate,LSTM,86,2028,150.17632641483604,-11.745694584608835,138.4306318302272
incidence_age_standardized_rate,LSTM,86,2029,143.6819071132046,2.0148532735886646,145.69676038679327
incidence_age_standardized_rate,LSTM,86,2030,137.187552053799,-21.27273877599308,115.91481327780593
incidence_age_standardized_rate,LSTM,87,2024,163.90579455377497,0.8225604044780905,164.72835495825305
incidence_age_standardized_rate,LSTM,87,2025,154.42857409853414,4.406105688417943,158.83467978695208
incidence_age_standardized_rate,LSTM,87,2026,144.9418198542275,1.4247164128504588,146.36653626707798
incidence_age_standardized_rate,LSTM,87,2027,135.45214953433404,9.829359355706853,145.2815088900409
incidence_age_standardized_rate,LSTM,87,2028,125.95364355117994,6.96666479341244,132.92030834459237
incidence_age_standardized_rate,LSTM,87,2029,116.45359301591418,-12.86676375511306,103.58682926080112
incidence_age_standardized_rate,LSTM,87,2030,106.95357513271641,8.24306894798784,115.19664408070425
incidence_age_standardized_rate,LSTM,88,2024,176.27210026681945,-5.252834306827302,171.01926595999214
incidence_age_standardized_rate,LSTM,88,2025,168.55763173708056,-11.370757168300992,157.18687456877956
incidence_age_standardized_rate,LSTM,88,2026,160.8339726537169,7.690905766363506,168.5248784200804
incidence_age_standardized_rate,LSTM,88,2027,153.1054832705359,1.645120808956181,154.7506040794921
incidence_age_standardized_rate,LSTM,88,2028,145.37290039515017,1.8393009800127327,147.2122013751629
incidence_age_standardized_rate,LSTM,88,2029,137.63916338893654,-12.86676375511306,124.77239963382348
incidence_age_standardized_rate,LSTM,88,2030,129.9054429077779,11.748052612377709,141.65349552015562
incidence_age_standardized_rate,LSTM,89,2024,185.0587440310901,4.914679677853426,189.97342370894353
incidence_age_standardized_rate,LSTM,89,2025,173.91713746568973,6.950406655139749,180.86754412082948
incidence_age_standardized_rate,LSTM,89,2026,162.7829298682367,1.4247164128504588,164.20764628108716
incidence_age_standardized_rate,LSTM,89,2027,151.6363685425311,-10.505668613654604,141.1306999288765
incidence_age_standardized_rate,LSTM,89,2028,140.4883336439735,9.928916650125483,150.41725029409898
incidence_age_standardized_rate,LSTM,89,2029,129.3386389784729,10.876583241724711,140.2152222201976
incidence_age_standardized_rate,LSTM,89,2030,118.1889697095609,8.24306894798784,126.43203865754873
incidence_age_standardized_rate,LSTM,90,2024,197.04518973210398,3.115587210904949,200.16077694300893
incidence_age_standardized_rate,LSTM,90,2025,190.72537634105728,-7.428629517613846,183.29674682344344
incidence_age_standardized_rate,LSTM,90,2026,184.39094250439643,7.690905766363506,192.08184827075993
incidence_age_standardized_rate,LSTM,90,2027,178.06593156805775,1.645120808956181,179.71105237701394
incidence_age_standardized_rate,LSTM,90,2028,171.72131730912812,1.8393009800127327,173.56061828914085
incidence_age_standardized_rate,LSTM,90,2029,165.3878766843959,2.0148532735886646,167.40272995798458
incidence_age_standardized_rate,LSTM,90,2030,159.05447958687972,-13.897693254093396,145.15678633278634
incidence_age_standardized_rate,LSTM,91,2024,186.77105989254383,4.914679677853426,191.68573957039726
incidence_age_standardized_rate,LSTM,91,2025,177.90763897573322,6.950406655139749,184.85804563087297
incidence_age_standardized_rate,LSTM,91,2026,169.0539425655948,-9.098175903165732,159.95576666242908
incidence_age_standardized_rate,LSTM,91,2027,160.18651303582988,1.645120808956181,161.83163384478607
incidence_age_standardized_rate,LSTM,91,2028,151.31819955973546,-11.745694584608835,139.57250497512663
incidence_age_standardized_rate,LSTM,91,2029,142.45252804919858,12.038457459966901,154.49098550916548
incidence_age_standardized_rate,LSTM,91,2030,133.5868921927178,13.003020201143203,146.58991239386103
incidence_age_standardized_rate,LSTM,92,2024,195.06509760580718,4.440346514522015,199.5054441203292
incidence_age_standardized_rate,LSTM,92,2025,186.73623196915653,6.279598262473135,193.01583023162968
incidence_age_standardized_rate,LSTM,92,2026,178.39796345999065,7.690905766363506,186.08886922635415
incidence_age_standardized_rate,LSTM,92,2027,170.0566736028782,6.231174421809898,176.2878480246881
incidence_age_standardized_rate,LSTM,92,2028,161.71382792521396,-17.978745686258847,143.7350822389551
incidence_age_standardized_rate,LSTM,92,2029,153.37130220508658,12.038457459966901,165.40975966505349
incidence_age_standardized_rate,LSTM,92,2030,145.02878021987203,13.003020201143203,158.03180042101525
incidence_age_standardized_rate,LSTM,93,2024,186.12898523098565,3.115587210904949,189.2445724418906
incidence_age_standardized_rate,LSTM,93,2025,175.26821296530002,4.406105688417943,179.67431865371796
incidence_age_standardized_rate,LSTM,93,2026,164.42716389067576,1.4247164128504588,165.85188030352623
incidence_age_standardized_rate,LSTM,93,2027,153.58314361603024,-10.505668613654604,143.07747500237565
incidence_age_standardized_rate,LSTM,93,2028,142.72772858934982,10.989557847317029,153.71728643666685
incidence_age_standardized_rate,LSTM,93,2029,131.8696819592457,2.0148532735886646,133.88453523283437
incidence_age_standardized_rate,LSTM,93,2030,121.01163251898514,-13.897693254093396,107.11393926489174
incidence_age_standardized_rate,LSTM,94,2024,191.62247990390006,-8.040339500931179,183.5821404029689
incidence_age_standardized_rate,LSTM,94,2025,183.97713734022972,1.1632760798840143,185.14041342011373
incidence_age_standardized_rate,LSTM,94,2026,176.3260256747836,1.4247164128504588,177.75074208763408
incidence_age_standardized_rate,LSTM,94,2027,168.67595069940126,-16.080679001862357,152.5952716975389
incidence_age_standardized_rate,LSTM,94,2028,161.0318039655624,9.928916650125483,170.96072061568788
incidence_age_standardized_rate,LSTM,94,2029,153.3883616676128,7.631598915858123,161.01996058347092
incidence_age_standardized_rate,LSTM,94,2030,145.74489740951603,2.176290268577728,147.92118767809376
incidence_age_standardized_rate,LSTM,95,2024,188.42728591971573,4.440346514522015,192.86763243423775
incidence_age_standardized_rate,LSTM,95,2025,182.43581278475028,4.406105688417943,186.84191847316822
incidence_age_standardized_rate,LSTM,95,2026,176.45159390116578,-13.926276525715789,162.52531737545
incidence_age_standardized_rate,LSTM,95,2027,170.4677360719533,6.231174421809898,176.6989104937632
incidence_age_standardized_rate,LSTM,95,2028,164.48086018001666,-17.978745686258847,146.5021144937578
incidence_age_standardized_rate,LSTM,95,2029,158.49289968305345,2.0148532735886646,160.50775295664212
incidence_age_standardized_rate,LSTM,95,2030,152.5049367348425,11.748052612377709,164.2529893472202
incidence_age_standardized_rate,LSTM,96,2024,207.78452216408405,-5.252834306827302,202.53168785725674
incidence_age_standardized_rate,LSTM,96,2025,203.845013202915,6.950406655139749,210.79541985805474
incidence_age_standardized_rate,LSTM,96,2026,199.90056379445397,-9.098175903165732,190.80238789128825
incidence_age_standardized_rate,LSTM,96,2027,195.95142469185083,9.829359355706853,205.7807840475577
incidence_age_standardized_rate,LSTM,96,2028,191.99839447731617,10.989557847317029,202.9879523246332
incidence_age_standardized_rate,LSTM,96,2029,188.0481461248831,10.876583241724711,198.9247293666078
incidence_age_standardized_rate,LSTM,96,2030,184.09790748081312,-13.897693254093396,170.20021422671974
incidence_age_standardized_rate,LSTM,97,2024,210.74766246550683,3.115587210904949,213.86324967641178
incidence_age_standardized_rate,LSTM,97,2025,204.29415149331862,-7.428629517613846,196.86552197570478
incidence_age_standardized_rate,LSTM,97,2026,197.85989514518076,-13.926276525715789,183.93361861946497
incidence_age_standardized_rate,LSTM,97,2027,191.43751501813023,6.231174421809898,197.66868943994012
incidence_age_standardized_rate,LSTM,97,2028,185.02825000974497,10.989557847317029,196.017807857062
incidence_age_standardized_rate,LSTM,97,2029,178.62207134225844,12.038457459966901,190.66052880222534
incidence_age_standardized_rate,LSTM,97,2030,172.21583753650907,11.748052612377709,183.96389014888678
incidence_age_standardized_rate,LSTM,98,2024,178.24614872534104,4.440346514522015,182.68649523986306
incidence_age_standardized_rate,LSTM,98,2025,170.6193944292427,-11.370757168300992,159.2486372609417
incidence_age_standardized_rate,LSTM,98,2026,162.96936774216053,8.512474904968377,171.4818426471289
incidence_age_standardized_rate,LSTM,98,2027,155.28465579650583,8.88069302904403,164.16534882554987
incidence_age_standardized_rate,LSTM,98,2028,147.58962501493716,10.989557847317029,158.57918286225419
incidence_age_standardized_rate,LSTM,98,2029,139.87361227833264,2.0148532735886646,141.8884655519213
incidence_age_standardized_rate,LSTM,98,2030,132.1579202108111,2.176290268577728,134.33421047938884
incidence_age_standardized_rate,LSTM,99,2024,198.8341880319602,4.914679677853426,203.74886770981362
incidence_age_standardized_rate,LSTM,99,2025,192.450276062347,4.406105688417943,196.85638175076494
incidence_age_standardized_rate,LSTM,99,2026,186.07105451827962,-13.926276525715789,172.14477799256383
incidence_age_standardized_rate,LSTM,99,2027,179.690423746379,1.645120808956181,181.3355445553352
incidence_age_standardized_rate,LSTM,99,2028,173.30686147613113,10.989557847317029,184.29641932344816
incidence_age_standardized_rate,LSTM,99,2029,166.92202627764135,2.0148532735886646,168.93687955123002
incidence_age_standardized_rate,LSTM,99,2030,160.5371843135049,-21.27273877599308,139.26444553751182
incidence_age_standardized_rate,LSTM,100,2024,196.7039285545994,4.914679677853426,201.61860823245283
incidence_age_standardized_rate,LSTM,100,2025,190.47189262413778,1.1632760798840143,191.6351687040218
incidence_age_standardized_rate,LSTM,100,2026,184.22241970973604,8.512474904968377,192.73489461470442
incidence_age_standardized_rate,LSTM,100,2027,177.9618911232792,6.231174421809898,184.1930655450891
incidence_age_standardized_rate,LSTM,100,2028,171.7016561108345,1.8393009800127327,173.54095709084723
incidence_age_standardized_rate,LSTM,100,2029,165.44181709521084,12.038457459966901,177.48027455517774
incidence_age_standardized_rate,LSTM,100,2030,159.18202629533846,11.748052612377709,170.93007890771617
mortality_age_standardized_rate,Drift,1,2024,42.0129500608027,0.15694646662485284,42.169896527427554
mortality_age_standardized_rate,Drift,1,2025,39.629517247711945,-0.8518874581546373,38.77762978955731
mortality_age_standardized_rate,Drift,1,2026,37.24608443462119,0.2718392542626582,37.51792368888385
mortality_age_standardized_rate,Drift,1,2027,34.86265162153043,0.3138929332497057,35.176544554780136
mortality_age_standardized_rate,Drift,1,2028,32.479218808439676,-0.29685874749741914,32.18236006094226
mortality_age_standardized_rate,Drift,1,2029,30.095785995348916,-1.4755123598545377,28.620273635494378
mortality_age_standardized_rate,Drift,1,2030,27.71235318225816,1.1276008802304298,28.839954062488587
mortality_age_standardized_rate,Drift,2,2024,32.83172954475632,-0.13453011881264498,32.69719942594367
mortality_age_standardized_rate,Drift,2,2025,30.72587910209704,-0.19025431857250635,30.535624783524533
mortality_age_standardized_rate,Drift,2,2026,28.62002865943776,-0.2330130009317787,28.387015658505984
mortality_age_standardized_rate,Drift,2,2027,26.51417821677848,0.8523861449220703,27.36656436170055
mortality_age_standardized_rate,Drift,2,2028,24.408327774119197,0.3509429682015729,24.75927074232077
mortality_age_standardized_rate,Drift,2,2029,22.30247733145992,-0.32519246479413344,21.977284866665784
mortality_age_standardized_rate,Drift,2,2030,20.196626888800637,-0.3559332382262306,19.840693650574405
mortality_age_standardized_rate,Drift,3,2024,38.38297534636033,-0.6023753984689153,37.78059994789142
mortality_age_standardized_rate,Drift,3,2025,36.625943925515834,0.40520788888321624,37.03115181439905
mortality_age_standardized_rate,Drift,3,2026,34.86891250467134,-0.2330130009317787,34.635899503739566
mortality_age_standardized_rate,Drift,3,2027,33.111881083826844,0.5730504920392145,33.68493157586606
mortality_age_standardized_rate,Drift,3,2028,31.354849662982353,-1.3469523389500173,30.007897324032335
mortality_age_standardized_rate,Drift,3,2029,29.59781824213786,-0.32519246479413344,29.272625777343723
mortality_age_standardized_rate,Drift,3,2030,27.840786821293364,0.41524131983965945,28.256028141133022
mortality_age_standardized_rate,Drift,4,2024,43.860103668492066,-0.13275926782393496,43.72734440066813
mortality_age_standardized_rate,Drift,4,2025,41.48993330671821,0.22195582166740319,41.71188912838561
mortality_age_standardized_rate,Drift,4,2026,39.11976294494434,-0.2330130009317787,38.886749944012564
mortality_age_standardized_rate,Drift,4,2027,36.74959258317048,0.3138929332497057,37.06348551642019
mortality_age_standardized_rate,Drift,4,2028,34.37942222139662,0.952996681562368,35.332418902958985
mortality_age_standardized_rate,Drift,4,2029,32.00925185962275,-1.4755123598545377,30.533739499768213
mortality_age_standardized_rate,Drift,4,2030,29.639081497848892,-0.35124800690115104,29.28783349094774
mortality_age_standardized_rate,Drift,5,2024,29.661503306310163,0.28652524601960727,29.94802855232977
mortality_age_standardized_rate,Drift,5,2025,26.233401599556323,-0.19025431857250635,26.043147280983817
mortality_age_standardized_rate,Drift,5,2026,22.80529989280248,-1.043344795377709,21.76195509742477
mortality_age_standardized_rate,Drift,5,2027,19.377198186048645,0.3138929332497057,19.69109111929835
mortality_age_standardized_rate,Drift,5,2028,15.949096479294802,-1.3469523389500173,14.602144140344784
mortality_age_standardized_rate,Drift,5,2029,12.520994772540963,-1.4755123598545377,11.045482412686425
mortality_age_standardized_rate,Drift,5,2030,9.092893065787123,0.41524131983965945,9.508134385626782
mortality_age_standardized_rate,Drift,6,2024,30.999881677617772,0.42619307246103516,31.426074750078808
mortality_age_standardized_rate,Drift,6,2025,27.902903856507542,0.6027280232638551,28.505631879771396
mortality_age_standardized_rate,Drift,6,2026,24.805926035397313,-1.043344795377709,23.762581240019603
mortality_age_standardized_rate,Drift,6,2027,21.708948214287084,-0.26906023762528997,21.439887976661794
mortality_age_standardized_rate,Drift,6,2028,18.611970393176854,-0.3008184906861974,18.311151902490657
mortality_age_standardized_rate,Drift,6,2029,15.514992572066628,-1.4755123598545377,14.03948021221209
mortality_age_standardized_rate,Drift,6,2030,12.418014750956399,-0.3559332382262306,12.062081512730169
mortality_age_standardized_rate,Drift,7,2024,36.40500700156498,0.15694646662485284,36.561953468189834
mortality_age_standardized_rate,Drift,7,2025,34.33231686996501,0.6027280232638551,34.93504489322887
mortality_age_standardized_rate,Drift,7,2026,32.259626738365036,0.7381880553363969,32.99781479370143
mortality_age_standardized_rate,Drift,7,2027,30.18693660676506,0.3138929332497057,30.500829540014763
mortality_age_standardized_rate,Drift,7,2028,28.114246475165086,0.6406899273696929,28.754936402534778
mortality_age_standardized_rate,Drift,7,2029,26.041556343565112,0.38443876016363937,26.425995103728752
mortality_age_standardized_rate,Drift,7,2030,23.968866211965135,1.1276008802304298,25.096467092195564
mortality_age_standardized_rate,Drift,8,2024,33.77393830223682,0.42619307246103516,34.200131374697854
mortality_age_standardized_rate,Drift,8,2025,30.229160360160584,0.22195582166740319,30.451116181827988
mortality_age_standardized_rate,Drift,8,2026,26.684382418084354,-0.2299457970466994,26.454436621037654
mortality_age_standardized_rate,Drift,8,2027,23.13960447600812,-0.26906023762528997,22.87054423838283
mortality_age_standardized_rate,Drift,8,2028,19.594826533931887,-0.29685874749741914,19.297967786434466
mortality_age_standardized_rate,Drift,8,2029,16.050048591855656,-1.4755123598545377,14.574536232001119
mortality_age_standardized_rate,Drift,8,2030,12.505270649779423,-0.3559332382262306,12.149337411553192
mortality_age_standardized_rate,Drift,9,2024,45.90305882436225,0.42619307246103516,46.32925189682328
mortality_age_standardized_rate,Drift,9,2025,43.81380006949023,-0.8518874581546373,42.96191261133559
mortality_age_standardized_rate,Drift,9,2026,41.72454131461821,-1.043344795377709,40.6811965192405
mortality_age_standardized_rate,Drift,9,2027,39.63528255974619,0.8523861449220703,40.48766870466826
mortality_age_standardized_rate,Drift,9,2028,37.54602380487417,0.6406899273696929,38.18671373224386
mortality_age_standardized_rate,Drift,9,2029,35.45676505000215,1.0439555594385532,36.5007206094407
mortality_age_standardized_rate,Drift,9,2030,33.36750629513013,0.7580745453094804,34.12558084043961
mortality_age_standardized_rate,Drift,10,2024,41.288039341642644,0.15694646662485284,41.4449858082675
mortality_age_standardized_rate,Drift,10,2025,38.99013378024944,-0.18774995708733086,38.8023838231621
mortality_age_standardized_rate,Drift,10,2026,36.69222821885623,0.496276283757132,37.18850450261336
mortality_age_standardized_rate,Drift,10,2027,34.39432265746302,-1.2047507969378306,33.18957186052519
mortality_age_standardized_rate,Drift,10,2028,32.096417096069814,0.952996681562368,33.04941377763218
mortality_age_standardized_rate,Drift,10,2029,29.7985115346766,-1.4755123598545377,28.322999174822062
mortality_age_standardized_rate,Drift,10,2030,27.500605973283392,-0.35124800690115104,27.14935796638224
mortality_age_standardized_rate,Drift,11,2024,44.29425330305997,0.42619307246103516,44.720446375521
mortality_age_standardized_rate,Drift,11,2025,42.066435159889465,-0.18774995708733086,41.87868520280213
mortality_age_standardized_rate,Drift,11,2026,39.83861701671896,-0.2330130009317787,39.605604015787186
mortality_age_standardized_rate,Drift,11,2027,37.61079887354846,0.5730504920392145,38.183849365587676
mortality_age_standardized_rate,Drift,11,2028,35.38298073037796,-0.29685874749741914,35.08612198288054
mortality_age_standardized_rate,Drift,11,2029,33.15516258720746,-0.32953014612697606,32.82563244108048
mortality_age_standardized_rate,Drift,11,2030,30.92734444403695,0.41524131983965945,31.34258576387661
mortality_age_standardized_rate,Drift,12,2024,32.12368008726471,-0.6023753984689153,31.521304688795794
mortality_age_standardized_rate,Drift,12,2025,28.52974968973004,0.6027280232638551,29.132477712993893
mortality_age_standardized_rate,Drift,12,2026,24.93581929219536,-0.2330130009317787,24.702806291263585
mortality_age_standardized_rate,Drift,12,2027,21.341888894660688,-0.2655185356478699,21.076370359012817
mortality_age_standardized_rate,Drift,12,2028,17.747958497126014,0.3509429682015729,18.098901465327586
mortality_age_standardized_rate,Drift,12,2029,14.154028099591336,-0.32953014612697606,13.82449795346436
mortality_age_standardized_rate,Drift,12,2030,10.560097702056662,-0.3559332382262306,10.204164463830432
mortality_age_standardized_rate,Drift,13,2024,39.64084870974958,-0.13453011881264498,39.50631859093693
mortality_age_standardized_rate,Drift,13,2025,37.4483336682641,-0.18774995708733086,37.260583711176764
mortality_age_standardized_rate,Drift,13,2026,35.25581862677862,-0.2299457970466994,35.025872829731924
mortality_age_standardized_rate,Drift,13,2027,33.06330358529315,-1.2047507969378306,31.85855278835532
mortality_age_standardized_rate,Drift,13,2028,30.87078854380767,-1.3469523389500173,29.523836204857652
mortality_age_standardized_rate,Drift,13,2029,28.67827350232219,0.7018406511734545,29.380114153495647
mortality_age_standardized_rate,Drift,13,2030,26.485758460836713,-0.35124800690115104,26.13451045393556
mortality_age_standardized_rate,Drift,14,2024,49.55010050616564,0.42619307246103516,49.976293578626674
mortality_age_standardized_rate,Drift,14,2025,47.51428685716424,-0.8518874581546373,46.6623993990096
mortality_age_standardized_rate,Drift,14,2026,45.47847320816283,0.496276283757132,45.974749491919965
mortality_age_standardized_rate,Drift,14,2027,43.44265955916143,-0.26906023762528997,43.17359932153614
mortality_age_standardized_rate,Drift,14,2028,41.40684591016002,0.6406899273696929,42.047535837529715
mortality_age_standardized_rate,Drift,14,2029,39.37103226115862,-0.32519246479413344,39.04583979636448
mortality_age_standardized_rate,Drift,14,2030,37.33521861215721,1.1276008802304298,38.462819492387645
mortality_age_standardized_rate,Drift,15,2024,32.73477363073462,-0.13275926782393496,32.60201436291069
mortality_age_standardized_rate,Drift,15,2025,30.02708397627024,-0.18774995708733086,29.83933401918291
mortality_age_standardized_rate,Drift,15,2026,27.319394321805856,0.2718392542626582,27.591233576068515
mortality_age_standardized_rate,Drift,15,2027,24.611704667341474,0.3138929332497057,24.92559760059118
mortality_age_standardized_rate,Drift,15,2028,21.904015012877093,0.952996681562368,22.85701169443946
mortality_age_standardized_rate,Drift,15,2029,19.196325358412707,-0.32953014612697606,18.86679521228573
mortality_age_standardized_rate,Drift,15,2030,16.488635703948326,-1.593735500252188,14.894900203696137
mortality_age_standardized_rate,Drift,16,2024,45.76428480432747,0.28652524601960727,46.050810050347074
mortality_age_standardized_rate,Drift,16,2025,42.780723625106575,0.6027280232638551,43.38345164837043
mortality_age_standardized_rate,Drift,16,2026,39.797162445885675,-0.2330130009317787,39.5641494449539
mortality_age_standardized_rate,Drift,16,2027,36.813601266664776,0.3138929332497057,37.12749419991448
mortality_age_standardized_rate,Drift,16,2028,33.83004008744388,-1.3469523389500173,32.48308774849386
mortality_age_standardized_rate,Drift,16,2029,30.846478908222984,-0.32953014612697606,30.516948762096007
mortality_age_standardized_rate,Drift,16,2030,27.862917729002085,1.1276008802304298,28.990518609232513
mortality_age_standardized_rate,Drift,17,2024,50.12698947714694,0.28652524601960727,50.41351472316655
mortality_age_standardized_rate,Drift,17,2025,48.637144613000586,0.40520788888321624,49.042352501883805
mortality_age_standardized_rate,Drift,17,2026,47.14729974885424,0.496276283757132,47.64357603261137
mortality_age_standardized_rate,Drift,17,2027,45.65745488470789,-1.2047507969378306,44.45270408777006
mortality_age_standardized_rate,Drift,17,2028,44.16761002056153,-0.29685874749741914,43.870751273064116
mortality_age_standardized_rate,Drift,17,2029,42.677765156415184,-0.32953014612697606,42.34823501028821
mortality_age_standardized_rate,Drift,17,2030,41.18792029226883,1.1276008802304298,42.31552117249926
mortality_age_standardized_rate,Drift,18,2024,47.52149225888094,-0.13453011881264498,47.38696214006829
mortality_age_standardized_rate,Drift,18,2025,44.31747666804167,0.40520788888321624,44.72268455692489
mortality_age_standardized_rate,Drift,18,2026,41.1134610772024,-0.2330130009317787,40.880448076270625
mortality_age_standardized_rate,Drift,18,2027,37.90944548636313,-1.2047507969378306,36.7046946894253
mortality_age_standardized_rate,Drift,18,2028,34.705429895523864,-1.3469523389500173,33.358477556573845
mortality_age_standardized_rate,Drift,18,2029,31.501414304684594,0.7018406511734545,32.20325495585805
mortality_age_standardized_rate,Drift,18,2030,28.297398713845325,0.41524131983965945,28.712640033684984
mortality_age_standardized_rate,Drift,19,2024,29.349623318321928,-0.6023753984689153,28.747247919853013
mortality_age_standardized_rate,Drift,19,2025,26.134030241397568,-0.18774995708733086,25.946280284310237
mortality_age_standardized_rate,Drift,19,2026,22.91843716447321,0.7381880553363969,23.65662521980961
mortality_age_standardized_rate,Drift,19,2027,19.70284408754885,-0.26906023762528997,19.43378384992356
mortality_age_standardized_rate,Drift,19,2028,16.48725101062449,-0.29685874749741914,16.19039226312707
mortality_age_standardized_rate,Drift,19,2029,13.271657933700133,0.38443876016363937,13.656096693863773
mortality_age_standardized_rate,Drift,19,2030,10.056064856775773,0.41524131983965945,10.471306176615432
mortality_age_standardized_rate,Drift,20,2024,44.52797459813918,0.15694646662485284,44.68492106476403
mortality_age_standardized_rate,Drift,20,2025,42.16293635711349,-0.18774995708733086,41.97518640002615
mortality_age_standardized_rate,Drift,20,2026,39.7978981160878,0.7381880553363969,40.536086171424195
mortality_age_standardized_rate,Drift,20,2027,37.43285987506211,0.8523861449220703,38.28524601998418
mortality_age_standardized_rate,Drift,20,2028,35.06782163403642,-0.3008184906861974,34.76700314335022
mortality_age_standardized_rate,Drift,20,2029,32.70278339301073,1.0439555594385532,33.746738952449284
mortality_age_standardized_rate,Drift,20,2030,30.33774515198504,1.1276008802304298,31.465346032215468
mortality_age_standardized_rate,Drift,21,2024,32.11258515371384,-0.6023753984689153,31.510209755244922
mortality_age_standardized_rate,Drift,21,2025,28.267262768199313,0.22195582166740319,28.489218589866717
mortality_age_standardized_rate,Drift,21,2026,24.421940382684788,-0.2299457970466994,24.19199458563809
mortality_age_standardized_rate,Drift,21,2027,20.57661799717026,-0.26906023762528997,20.30755775954497
mortality_age_standardized_rate,Drift,21,2028,16.73129561165573,0.3509429682015729,17.082238579857304
mortality_age_standardized_rate,Drift,21,2029,12.885973226141207,0.38443876016363937,13.270411986304847
mortality_age_standardized_rate,Drift,21,2030,9.040650840626682,1.1276008802304298,10.168251720857112
mortality_age_standardized_rate,Drift,22,2024,43.70509495602216,0.28652524601960727,43.991620202041766
mortality_age_standardized_rate,Drift,22,2025,41.374316540974476,-0.8518874581546373,40.52242908281984
mortality_age_standardized_rate,Drift,22,2026,39.0435381259268,0.2718392542626582,39.31537738018946
mortality_age_standardized_rate,Drift,22,2027,36.71275971087912,0.3138929332497057,37.02665264412882
mortality_age_standardized_rate,Drift,22,2028,34.38198129583144,0.6406899273696929,35.02267122320113
mortality_age_standardized_rate,Drift,22,2029,32.05120288078376,-1.4755123598545377,30.575690520929225
mortality_age_standardized_rate,Drift,22,2030,29.72042446573608,-0.3559332382262306,29.36449122750985
mortality_age_standardized_rate,Drift,23,2024,35.18786092121598,0.28652524601960727,35.474386167235586
mortality_age_standardized_rate,Drift,23,2025,32.96041207432137,0.6027280232638551,33.563140097585226
mortality_age_standardized_rate,Drift,23,2026,30.73296322742675,0.7381880553363969,31.47115128276315
mortality_age_standardized_rate,Drift,23,2027,28.505514380532137,-0.2655185356478699,28.239995844884266
mortality_age_standardized_rate,Drift,23,2028,26.278065533637523,0.952996681562368,27.23106221519989
mortality_age_standardized_rate,Drift,23,2029,24.050616686742906,-1.4755123598545377,22.57510432688837
mortality_age_standardized_rate,Drift,23,2030,21.823167839848292,-0.35124800690115104,21.47191983294714
mortality_age_standardized_rate,Drift,24,2024,40.68566742623235,-0.6023753984689153,40.083292027763434
mortality_age_standardized_rate,Drift,24,2025,37.87711854847575,0.6027280232638551,38.47984657173961
mortality_age_standardized_rate,Drift,24,2026,35.06856967071914,0.496276283757132,35.564845954476276
mortality_age_standardized_rate,Drift,24,2027,32.26002079296254,0.5730504920392145,32.83307128500176
mortality_age_standardized_rate,Drift,24,2028,29.451471915205943,-1.3469523389500173,28.104519576255925
mortality_age_standardized_rate,Drift,24,2029,26.642923037449343,0.7018406511734545,27.3447636886228
mortality_age_standardized_rate,Drift,24,2030,23.83437415969274,0.41524131983965945,24.249615479532398
mortality_age_standardized_rate,Drift,25,2024,45.03887558065798,0.28652524601960727,45.32540082667759
mortality_age_standardized_rate,Drift,25,2025,43.25947830000953,-0.19025431857250635,43.06922398143703
mortality_age_standardized_rate,Drift,25,2026,41.48008101936108,0.496276283757132,41.97635730311821
mortality_age_standardized_rate,Drift,25,2027,39.700683738712634,0.3138929332497057,40.01457667196234
mortality_age_standardized_rate,Drift,25,2028,37.92128645806418,0.6406899273696929,38.56197638543387
mortality_age_standardized_rate,Drift,25,2029,36.141889177415734,-1.4755123598545377,34.66637681756119
mortality_age_standardized_rate,Drift,25,2030,34.36249189676728,-0.35124800690115104,34.01124388986613
mortality_age_standardized_rate,Drift,26,2024,36.88130039781014,0.42619307246103516,37.307493470271176
mortality_age_standardized_rate,Drift,26,2025,33.6332230983771,-0.18774995708733086,33.44547314128977
mortality_age_standardized_rate,Drift,26,2026,30.385145798944066,0.496276283757132,30.8814220827012
mortality_age_standardized_rate,Drift,26,2027,27.137068499511024,-0.2655185356478699,26.871549963863153
mortality_age_standardized_rate,Drift,26,2028,23.88899120007798,0.952996681562368,24.84198788164035
mortality_age_standardized_rate,Drift,26,2029,20.640913900644943,0.38443876016363937,21.025352660808583
mortality_age_standardized_rate,Drift,26,2030,17.392836601211904,-0.3559332382262306,17.036903362985672
mortality_age_standardized_rate,Drift,27,2024,33.27748759672064,0.28652524601960727,33.56401284274025
mortality_age_standardized_rate,Drift,27,2025,29.957403297015713,-0.18774995708733086,29.769653339928382
mortality_age_standardized_rate,Drift,27,2026,26.637318997310786,0.2718392542626582,26.909158251573444
mortality_age_standardized_rate,Drift,27,2027,23.317234697605862,-1.2047507969378306,22.112483900668032
mortality_age_standardized_rate,Drift,27,2028,19.997150397900935,0.3509429682015729,20.348093366102507
mortality_age_standardized_rate,Drift,27,2029,16.677066098196008,0.38443876016363937,17.061504858359648
mortality_age_standardized_rate,Drift,27,2030,13.356981798491084,-0.35124800690115104,13.005733791589932
mortality_age_standardized_rate,Drift,28,2024,32.48533611009413,-0.13275926782393496,32.352576842270196
mortality_age_standardized_rate,Drift,28,2025,29.578623401760673,0.40520788888321624,29.983831290643888
mortality_age_standardized_rate,Drift,28,2026,26.67191069342721,-1.043344795377709,25.6285658980495
mortality_age_standardized_rate,Drift,28,2027,23.765197985093753,-0.2655185356478699,23.499679449445882
mortality_age_standardized_rate,Drift,28,2028,20.858485276760295,0.3509429682015729,21.209428244961867
mortality_age_standardized_rate,Drift,28,2029,17.951772568426833,1.0439555594385532,18.995728127865387
mortality_age_standardized_rate,Drift,28,2030,15.045059860093374,0.7580745453094804,15.803134405402854
mortality_age_standardized_rate,Drift,29,2024,31.557795207447423,-0.13453011881264498,31.42326508863478
mortality_age_standardized_rate,Drift,29,2025,29.278922616069316,-0.19025431857250635,29.08866829749681
mortality_age_standardized_rate,Drift,29,2026,27.000050024691205,0.2718392542626582,27.271889278953864
mortality_age_standardized_rate,Drift,29,2027,24.721177433313102,-1.2047507969378306,23.51642663637527
mortality_age_standardized_rate,Drift,29,2028,22.44230484193499,0.3509429682015729,22.793247810136563
mortality_age_standardized_rate,Drift,29,2029,20.163432250556884,-0.32953014612697606,19.833902104429907
mortality_age_standardized_rate,Drift,29,2030,17.884559659178777,-1.593735500252188,16.29082415892659
mortality_age_standardized_rate,Drift,30,2024,45.91063885307182,0.15694646662485284,46.067585319696676
mortality_age_standardized_rate,Drift,30,2025,43.976282531390105,-0.8518874581546373,43.12439507323547
mortality_age_standardized_rate,Drift,30,2026,42.04192620970839,0.2718392542626582,42.31376546397105
mortality_age_standardized_rate,Drift,30,2027,40.10756988802668,-1.2047507969378306,38.90281909108885
mortality_age_standardized_rate,Drift,30,2028,38.17321356634496,-0.29685874749741914,37.876354818847545
mortality_age_standardized_rate,Drift,30,2029,36.23885724466325,0.38443876016363937,36.62329600482689
mortality_age_standardized_rate,Drift,30,2030,34.30450092298153,0.7580745453094804,35.062575468291016
mortality_age_standardized_rate,Drift,31,2024,38.41181657447807,0.42619307246103516,38.8380096469391
mortality_age_standardized_rate,Drift,31,2025,35.78534726945962,0.40520788888321624,36.19055515834284
mortality_age_standardized_rate,Drift,31,2026,33.158877964441174,-0.2330130009317787,32.9258649635094
mortality_age_standardized_rate,Drift,31,2027,30.532408659422728,0.5730504920392145,31.105459151461943
mortality_age_standardized_rate,Drift,31,2028,27.905939354404282,-0.29685874749741914,27.60908060690686
mortality_age_standardized_rate,Drift,31,2029,25.279470049385836,-1.4755123598545377,23.8039576895313
mortality_age_standardized_rate,Drift,31,2030,22.65300074436739,-0.3559332382262306,22.297067506141158
mortality_age_standardized_rate,Drift,32,2024,46.66388347188927,-0.6023753984689153,46.061508073420356
mortality_age_standardized_rate,Drift,32,2025,44.71690082289474,-0.19025431857250635,44.52664650432224
mortality_age_standardized_rate,Drift,32,2026,42.769918173900216,-0.2299457970466994,42.53997237685352
mortality_age_standardized_rate,Drift,32,2027,40.82293552490569,0.3138929332497057,41.13682845815539
mortality_age_standardized_rate,Drift,32,2028,38.87595287591115,0.952996681562368,39.82894955747352
mortality_age_standardized_rate,Drift,32,2029,36.92897022691663,1.0439555594385532,37.972925786355184
mortality_age_standardized_rate,Drift,32,2030,34.9819875779221,0.7580745453094804,35.74006212323158
mortality_age_standardized_rate,Drift,33,2024,43.25398805828108,0.28652524601960727,43.54051330430069
mortality_age_standardized_rate,Drift,33,2025,41.402536491929666,-0.18774995708733086,41.21478653484233
mortality_age_standardized_rate,Drift,33,2026,39.55108492557825,-0.2299457970466994,39.321139128531556
mortality_age_standardized_rate,Drift,33,2027,37.69963335922684,0.5730504920392145,38.27268385126605
mortality_age_standardized_rate,Drift,33,2028,35.84818179287542,-0.3008184906861974,35.547363302189225
mortality_age_standardized_rate,Drift,33,2029,33.996730226524015,-1.4755123598545377,32.521217866669474
mortality_age_standardized_rate,Drift,33,2030,32.1452786601726,1.1276008802304298,33.27287954040303
mortality_age_standardized_rate,Drift,34,2024,42.02934453526322,0.42619307246103516,42.45553760772425
mortality_age_standardized_rate,Drift,34,2025,39.84667690868318,0.6027280232638551,40.449404931947036
mortality_age_standardized_rate,Drift,34,2026,37.66400928210314,-0.2330130009317787,37.43099628117136
mortality_age_standardized_rate,Drift,34,2027,35.481341655523096,0.3138929332497057,35.7952345887728
mortality_age_standardized_rate,Drift,34,2028,33.298674028943054,-1.3469523389500173,31.951721689993036
mortality_age_standardized_rate,Drift,34,2029,31.11600640236301,-0.32519246479413344,30.790813937568874
mortality_age_standardized_rate,Drift,34,2030,28.933338775782968,-0.35124800690115104,28.582090768881816
mortality_age_standardized_rate,Drift,35,2024,42.17981039238034,-0.6023753984689153,41.577434993911424
mortality_age_standardized_rate,Drift,35,2025,39.11244484208104,0.6027280232638551,39.7151728653449
mortality_age_standardized_rate,Drift,35,2026,36.04507929178175,-0.2299457970466994,35.81513349473505
mortality_age_standardized_rate,Drift,35,2027,32.977713741482454,-1.2047507969378306,31.772962944544624
mortality_age_standardized_rate,Drift,35,2028,29.910348191183157,0.952996681562368,30.863344872745525
mortality_age_standardized_rate,Drift,35,2029,26.84298264088386,-0.32953014612697606,26.513452494756883
mortality_age_standardized_rate,Drift,35,2030,23.775617090584568,-0.3559332382262306,23.419683852358336
mortality_age_standardized_rate,Drift,36,2024,46.98204670055127,0.42619307246103516,47.408239773012305
mortality_age_standardized_rate,Drift,36,2025,44.564216793587825,0.40520788888321624,44.96942468247104
mortality_age_standardized_rate,Drift,36,2026,42.146386886624384,0.7381880553363969,42.88457494196078
mortality_age_standardized_rate,Drift,36,2027,39.728556979660944,-0.26906023762528997,39.459496742035654
mortality_age_standardized_rate,Drift,36,2028,37.3107270726975,-0.29685874749741914,37.013868325200086
mortality_age_standardized_rate,Drift,36,2029,34.892897165734055,0.38443876016363937,35.277335925897695
mortality_age_standardized_rate,Drift,36,2030,32.475067258770615,0.7580745453094804,33.2331418040801
mortality_age_standardized_rate,Drift,37,2024,29.668328163387873,0.28652524601960727,29.95485340940748
mortality_age_standardized_rate,Drift,37,2025,26.47678080057849,0.6027280232638551,27.079508823842342
mortality_age_standardized_rate,Drift,37,2026,23.285233437769108,-0.2299457970466994,23.05528764072241
mortality_age_standardized_rate,Drift,37,2027,20.09368607495972,-0.26906023762528997,19.82462583733443
mortality_age_standardized_rate,Drift,37,2028,16.90213871215034,-0.29685874749741914,16.60527996465292
mortality_age_standardized_rate,Drift,37,2029,13.710591349340955,0.38443876016363937,14.095030109504595
mortality_age_standardized_rate,Drift,37,2030,10.519043986531571,-0.3559332382262306,10.163110748305341
mortality_age_standardized_rate,Drift,38,2024,47.80450480937734,-0.13275926782393496,47.671745541553406
mortality_age_standardized_rate,Drift,38,2025,45.44030528650374,-0.18774995708733086,45.2525553294164
mortality_age_standardized_rate,Drift,38,2026,43.076105763630125,0.7381880553363969,43.81429381896652
mortality_age_standardized_rate,Drift,38,2027,40.71190624075652,0.8523861449220703,41.56429238567859
mortality_age_standardized_rate,Drift,38,2028,38.34770671788291,0.952996681562368,39.300703399445275
mortality_age_standardized_rate,Drift,38,2029,35.983507195009295,-0.32519246479413344,35.65831473021516
mortality_age_standardized_rate,Drift,38,2030,33.61930767213569,-0.3559332382262306,33.26337443390946
mortality_age_standardized_rate,Drift,39,2024,34.386863054271714,0.42619307246103516,34.81305612673275
mortality_age_standardized_rate,Drift,39,2025,30.738363652563013,-0.8518874581546373,29.886476194408377
mortality_age_standardized_rate,Drift,39,2026,27.089864250854312,-1.043344795377709,26.046519455476602
mortality_age_standardized_rate,Drift,39,2027,23.441364849145607,-1.2047507969378306,22.236614052207777
mortality_age_standardized_rate,Drift,39,2028,19.792865447436903,-0.29685874749741914,19.496006699939482
mortality_age_standardized_rate,Drift,39,2029,16.1443660457282,0.38443876016363937,16.52880480589184
mortality_age_standardized_rate,Drift,39,2030,12.4958666440195,0.41524131983965945,12.911107963859159
mortality_age_standardized_rate,Drift,40,2024,38.05358482058124,0.42619307246103516,38.479777893042275
mortality_age_standardized_rate,Drift,40,2025,35.192668712579355,0.22195582166740319,35.414624534246755
mortality_age_standardized_rate,Drift,40,2026,32.331752604577474,0.496276283757132,32.82802888833461
mortality_age_standardized_rate,Drift,40,2027,29.470836496575586,-0.2655185356478699,29.205317960927715
mortality_age_standardized_rate,Drift,40,2028,26.609920388573705,0.952996681562368,27.562917070136074
mortality_age_standardized_rate,Drift,40,2029,23.74900428057182,0.7018406511734545,24.450844931745277
mortality_age_standardized_rate,Drift,40,2030,20.888088172569937,-0.35124800690115104,20.536840165668785
mortality_age_standardized_rate,Drift,41,2024,34.52352798504851,0.28652524601960727,34.81005323106812
mortality_age_standardized_rate,Drift,41,2025,31.14628143595084,0.40520788888321624,31.551489324834055
mortality_age_standardized_rate,Drift,41,2026,27.76903488685317,-0.2330130009317787,27.536021885921393
mortality_age_standardized_rate,Drift,41,2027,24.3917883377555,-1.2047507969378306,23.18703754081767
mortality_age_standardized_rate,Drift,41,2028,21.01454178865783,0.952996681562368,21.967538470220198
mortality_age_standardized_rate,Drift,41,2029,17.63729523956016,-0.32519246479413344,17.312102774766025
mortality_age_standardized_rate,Drift,41,2030,14.26004869046249,0.41524131983965945,14.675290010302149
mortality_age_standardized_rate,Drift,42,2024,41.16818704404672,0.28652524601960727,41.454712290066325
mortality_age_standardized_rate,Drift,42,2025,39.638109772758646,-0.18774995708733086,39.45035981567131
mortality_age_standardized_rate,Drift,42,2026,38.108032501470575,0.496276283757132,38.60430878522771
mortality_age_standardized_rate,Drift,42,2027,36.577955230182496,-1.2047507969378306,35.373204433244666
mortality_age_standardized_rate,Drift,42,2028,35.04787795889442,-1.3469523389500173,33.7009256199444
mortality_age_standardized_rate,Drift,42,2029,33.517800687606346,1.0439555594385532,34.5617562470449
mortality_age_standardized_rate,Drift,42,2030,31.98772341631827,0.41524131983965945,32.402964736157934
mortality_age_standardized_rate,Drift,43,2024,44.94996548897671,0.42619307246103516,45.37615856143774
mortality_age_standardized_rate,Drift,43,2025,42.65461348270769,-0.8518874581546373,41.80272602455305
mortality_age_standardized_rate,Drift,43,2026,40.35926147643867,-0.2330130009317787,40.12624847550689
mortality_age_standardized_rate,Drift,43,2027,38.06390947016965,-0.2655185356478699,37.79839093452178
mortality_age_standardized_rate,Drift,43,2028,35.76855746390063,0.3509429682015729,36.1195004321022
mortality_age_standardized_rate,Drift,43,2029,33.47320545763161,1.0439555594385532,34.51716101707016
mortality_age_standardized_rate,Drift,43,2030,31.177853451362584,-1.593735500252188,29.584117951110397
mortality_age_standardized_rate,Drift,44,2024,40.645269260952766,-0.6023753984689153,40.04289386248385
mortality_age_standardized_rate,Drift,44,2025,37.58653946740496,0.6027280232638551,38.18926749066882
mortality_age_standardized_rate,Drift,44,2026,34.527809673857156,-1.043344795377709,33.48446487847945
mortality_age_standardized_rate,Drift,44,2027,31.46907988030935,0.3138929332497057,31.782972813559056
mortality_age_standardized_rate,Drift,44,2028,28.410350086761547,0.6406899273696929,29.05104001413124
mortality_age_standardized_rate,Drift,44,2029,25.35162029321374,0.7018406511734545,26.053460944387197
mortality_age_standardized_rate,Drift,44,2030,22.292890499665937,1.1276008802304298,23.420491379896365
mortality_age_standardized_rate,Drift,45,2024,38.432590413109345,-0.6023753984689153,37.83021501464043
mortality_age_standardized_rate,Drift,45,2025,35.90772583922213,0.6027280232638551,36.51045386248599
mortality_age_standardized_rate,Drift,45,2026,33.382861265334924,0.496276283757132,33.87913754909206
mortality_age_standardized_rate,Drift,45,2027,30.857996691447717,-0.26906023762528997,30.588936453822427
mortality_age_standardized_rate,Drift,45,2028,28.333132117560506,0.6406899273696929,28.9738220449302
mortality_age_standardized_rate,Drift,45,2029,25.808267543673296,-1.4755123598545377,24.332755183818758
mortality_age_standardized_rate,Drift,45,2030,23.28340296978609,0.41524131983965945,23.698644289625747
mortality_age_standardized_rate,Drift,46,2024,43.759151174034706,-0.13275926782393496,43.62639190621077
mortality_age_standardized_rate,Drift,46,2025,40.73388066494587,-0.8518874581546373,39.881993206791236
mortality_age_standardized_rate,Drift,46,2026,37.70861015585703,-0.2330130009317787,37.475597154925254
mortality_age_standardized_rate,Drift,46,2027,34.68333964676819,-0.2655185356478699,34.41782111112032
mortality_age_standardized_rate,Drift,46,2028,31.658069137679348,-0.3008184906861974,31.35725064699315
mortality_age_standardized_rate,Drift,46,2029,28.63279862859051,-1.4755123598545377,27.157286268735973
mortality_age_standardized_rate,Drift,46,2030,25.607528119501673,-0.3559332382262306,25.25159488127544
mortality_age_standardized_rate,Drift,47,2024,27.07328429868521,-0.6023753984689153,26.470908900216294
mortality_age_standardized_rate,Drift,47,2025,24.127127799414996,0.40520788888321624,24.53233568829821
mortality_age_standardized_rate,Drift,47,2026,21.18097130014478,0.496276283757132,21.677247583901913
mortality_age_standardized_rate,Drift,47,2027,18.234814800874567,0.5730504920392145,18.80786529291378
mortality_age_standardized_rate,Drift,47,2028,15.28865830160435,-1.3469523389500173,13.941705962654332
mortality_age_standardized_rate,Drift,47,2029,12.342501802334134,-1.4755123598545377,10.866989442479596
mortality_age_standardized_rate,Drift,47,2030,9.39634530306392,-0.3559332382262306,9.04041206483769
mortality_age_standardized_rate,Drift,48,2024,38.43277429007658,0.28652524601960727,38.71929953609619
mortality_age_standardized_rate,Drift,48,2025,36.02910683309145,0.6027280232638551,36.631834856355304
mortality_age_standardized_rate,Drift,48,2026,33.625439376106314,0.2718392542626582,33.89727863036897
mortality_age_standardized_rate,Drift,48,2027,31.221771919121185,0.8523861449220703,32.07415806404325
mortality_age_standardized_rate,Drift,48,2028,28.818104462136052,-1.3469523389500173,27.471152123186034
mortality_age_standardized_rate,Drift,48,2029,26.414437005150923,-0.32953014612697606,26.084906859023945
mortality_age_standardized_rate,Drift,48,2030,24.01076954816579,1.1276008802304298,25.138370428396218
mortality_age_standardized_rate,Drift,49,2024,43.23880483417379,0.42619307246103516,43.664997906634824
mortality_age_standardized_rate,Drift,49,2025,40.16466786201424,0.22195582166740319,40.38662368368164
mortality_age_standardized_rate,Drift,49,2026,37.0905308898547,0.7381880553363969,37.82871894519109
mortality_age_standardized_rate,Drift,49,2027,34.016393917695154,0.3138929332497057,34.33028685094486
mortality_age_standardized_rate,Drift,49,2028,30.942256945535604,0.952996681562368,31.895253627097972
mortality_age_standardized_rate,Drift,49,2029,27.86811997337606,1.0439555594385532,28.912075532814615
mortality_age_standardized_rate,Drift,49,2030,24.793983001216514,-1.593735500252188,23.200247500964327
mortality_age_standardized_rate,Drift,50,2024,39.85018071045708,-0.13275926782393496,39.717421442633146
mortality_age_standardized_rate,Drift,50,2025,36.85196886338089,0.40520788888321624,37.25717675226411
mortality_age_standardized_rate,Drift,50,2026,33.85375701630469,0.7381880553363969,34.591945071641085
mortality_age_standardized_rate,Drift,50,2027,30.855545169228495,-0.26906023762528997,30.586484931603206
mortality_age_standardized_rate,Drift,50,2028,27.8573333221523,-0.3008184906861974,27.556514831466103
mortality_age_standardized_rate,Drift,50,2029,24.8591214750761,0.7018406511734545,25.560962126249557
mortality_age_standardized_rate,Drift,50,2030,21.860909627999906,-0.35124800690115104,21.509661621098754
mortality_age_standardized_rate,Drift,51,2024,33.7036089305255,-0.13453011881264498,33.56907881171285
mortality_age_standardized_rate,Drift,51,2025,29.87725130659186,-0.18774995708733086,29.68950134950453
mortality_age_standardized_rate,Drift,51,2026,26.05089368265822,-1.043344795377709,25.00754888728051
mortality_age_standardized_rate,Drift,51,2027,22.22453605872458,-0.2655185356478699,21.95901752307671
mortality_age_standardized_rate,Drift,51,2028,18.398178434790943,0.3509429682015729,18.749121402992515
mortality_age_standardized_rate,Drift,51,2029,14.571820810857304,0.7018406511734545,15.27366146203076
mortality_age_standardized_rate,Drift,51,2030,10.745463186923665,0.7580745453094804,11.503537732233145
mortality_age_standardized_rate,Drift,52,2024,43.78824686527239,0.42619307246103516,44.214439937733424
mortality_age_standardized_rate,Drift,52,2025,41.64854278553032,-0.18774995708733086,41.46079282844298
mortality_age_standardized_rate,Drift,52,2026,39.508838705788236,0.496276283757132,40.00511498954537
mortality_age_standardized_rate,Drift,52,2027,37.36913462604616,0.5730504920392145,37.942185118085376
mortality_age_standardized_rate,Drift,52,2028,35.22943054630408,-0.29685874749741914,34.93257179880666
mortality_age_standardized_rate,Drift,52,2029,33.089726466562,-1.4755123598545377,31.61421410670746
mortality_age_standardized_rate,Drift,52,2030,30.950022386819924,1.1276008802304298,32.077623267050356
mortality_age_standardized_rate,Drift,53,2024,34.76394229179434,-0.13275926782393496,34.63118302397041
mortality_age_standardized_rate,Drift,53,2025,32.8627952270548,0.22195582166740319,33.0847510487222
mortality_age_standardized_rate,Drift,53,2026,30.96164816231525,0.7381880553363969,31.699836217651647
mortality_age_standardized_rate,Drift,53,2027,29.060501097575706,0.8523861449220703,29.912887242497778
mortality_age_standardized_rate,Drift,53,2028,27.15935403283616,0.3509429682015729,27.51029700103773
mortality_age_standardized_rate,Drift,53,2029,25.258206968096612,0.38443876016363937,25.642645728260252
mortality_age_standardized_rate,Drift,53,2030,23.35705990335707,0.41524131983965945,23.772301223196727
mortality_age_standardized_rate,Drift,54,2024,29.946457980204062,-0.13275926782393496,29.813698712380127
mortality_age_standardized_rate,Drift,54,2025,27.498720023795745,-0.8518874581546373,26.64683256564111
mortality_age_standardized_rate,Drift,54,2026,25.050982067387423,0.7381880553363969,25.78917012272382
mortality_age_standardized_rate,Drift,54,2027,22.603244110979105,-0.26906023762528997,22.334183873353815
mortality_age_standardized_rate,Drift,54,2028,20.155506154570784,-0.29685874749741914,19.858647407073363
mortality_age_standardized_rate,Drift,54,2029,17.707768198162462,0.38443876016363937,18.092206958326102
mortality_age_standardized_rate,Drift,54,2030,15.260030241754144,-0.3559332382262306,14.904097003527914
mortality_age_standardized_rate,Drift,55,2024,29.224943372936714,0.28652524601960727,29.51146861895632
mortality_age_standardized_rate,Drift,55,2025,26.25677174192934,0.40520788888321624,26.661979630812557
mortality_age_standardized_rate,Drift,55,2026,23.28860011092197,0.7381880553363969,24.026788166258367
mortality_age_standardized_rate,Drift,55,2027,20.320428479914597,0.3138929332497057,20.6343214131643
mortality_age_standardized_rate,Drift,55,2028,17.352256848907224,0.952996681562368,18.305253530469592
mortality_age_standardized_rate,Drift,55,2029,14.384085217899852,0.7018406511734545,15.085925869073307
mortality_age_standardized_rate,Drift,55,2030,11.41591358689248,-1.593735500252188,9.82217808664029
mortality_age_standardized_rate,Drift,56,2024,46.698227986900264,-0.13453011881264498,46.563697868087615
mortality_age_standardized_rate,Drift,56,2025,43.96192285762052,-0.18774995708733086,43.77417290053319
mortality_age_standardized_rate,Drift,56,2026,41.22561772834079,-0.2330130009317787,40.99260472740901
mortality_age_standardized_rate,Drift,56,2027,38.48931259906105,-0.2655185356478699,38.22379406341318
mortality_age_standardized_rate,Drift,56,2028,35.75300746978131,-0.29685874749741914,35.45614872228389
mortality_age_standardized_rate,Drift,56,2029,33.016702340501574,1.0439555594385532,34.060657899940125
mortality_age_standardized_rate,Drift,56,2030,30.280397211221835,0.7580745453094804,31.038471756531315
mortality_age_standardized_rate,Drift,57,2024,45.28015573278872,-0.13275926782393496,45.147396464964785
mortality_age_standardized_rate,Drift,57,2025,43.89989574279983,0.22195582166740319,44.12185156446723
mortality_age_standardized_rate,Drift,57,2026,42.519635752810935,0.496276283757132,43.01591203656807
mortality_age_standardized_rate,Drift,57,2027,41.13937576282204,0.8523861449220703,41.99176190774411
mortality_age_standardized_rate,Drift,57,2028,39.75911577283314,-1.3469523389500173,38.41216343388312
mortality_age_standardized_rate,Drift,57,2029,38.378855782844255,-0.32953014612697606,38.04932563671728
mortality_age_standardized_rate,Drift,57,2030,36.998595792855355,0.7580745453094804,37.75667033816484
mortality_age_standardized_rate,Drift,58,2024,46.23589224586834,-0.13453011881264498,46.101362127055694
mortality_age_standardized_rate,Drift,58,2025,43.29084785385663,0.6027280232638551,43.89357587712049
mortality_age_standardized_rate,Drift,58,2026,40.345803461844916,-1.043344795377709,39.30245866646721
mortality_age_standardized_rate,Drift,58,2027,37.4007590698332,0.3138929332497057,37.714652003082904
mortality_age_standardized_rate,Drift,58,2028,34.45571467782148,0.3509429682015729,34.806657646023055
mortality_age_standardized_rate,Drift,58,2029,31.51067028580977,-0.32953014612697606,31.181140139682793
mortality_age_standardized_rate,Drift,58,2030,28.565625893798057,1.1276008802304298,29.693226774028485
mortality_age_standardized_rate,Drift,59,2024,30.168264797228066,-0.6023753984689153,29.56588939875915
mortality_age_standardized_rate,Drift,59,2025,26.251540670992995,-0.8518874581546373,25.39965321283836
mortality_age_standardized_rate,Drift,59,2026,22.334816544757924,-0.2299457970466994,22.104870747711225
mortality_age_standardized_rate,Drift,59,2027,18.418092418522853,0.5730504920392145,18.99114291056207
mortality_age_standardized_rate,Drift,59,2028,14.501368292287783,0.3509429682015729,14.852311260489355
mortality_age_standardized_rate,Drift,59,2029,10.584644166052712,0.7018406511734545,11.286484817226167
mortality_age_standardized_rate,Drift,59,2030,6.667920039817641,0.41524131983965945,7.083161359657301
mortality_age_standardized_rate,Drift,60,2024,35.933052094998146,-0.6023753984689153,35.33067669652923
mortality_age_standardized_rate,Drift,60,2025,33.051327802351636,-0.19025431857250635,32.86107348377913
mortality_age_standardized_rate,Drift,60,2026,30.169603509705134,0.7381880553363969,30.90779156504153
mortality_age_standardized_rate,Drift,60,2027,27.287879217058627,-1.2047507969378306,26.083128420120797
mortality_age_standardized_rate,Drift,60,2028,24.40615492441212,0.3509429682015729,24.757097892613693
mortality_age_standardized_rate,Drift,60,2029,21.524430631765618,-1.4755123598545377,20.04891827191108
mortality_age_standardized_rate,Drift,60,2030,18.642706339119112,0.7580745453094804,19.400780884428592
mortality_age_standardized_rate,Drift,61,2024,38.05497966484505,-0.6023753984689153,37.452604266376134
mortality_age_standardized_rate,Drift,61,2025,34.764224862831746,0.40520788888321624,35.169432751714965
mortality_age_standardized_rate,Drift,61,2026,31.473470060818435,0.2718392542626582,31.745309315081094
mortality_age_standardized_rate,Drift,61,2027,28.182715258805125,-1.2047507969378306,26.977964461867295
mortality_age_standardized_rate,Drift,61,2028,24.891960456791818,0.6406899273696929,25.53265038416151
mortality_age_standardized_rate,Drift,61,2029,21.60120565477851,0.7018406511734545,22.303046305951966
mortality_age_standardized_rate,Drift,61,2030,18.3104508527652,1.1276008802304298,19.43805173299563
mortality_age_standardized_rate,Drift,62,2024,37.257622280849986,0.42619307246103516,37.68381535331102
mortality_age_standardized_rate,Drift,62,2025,35.31377455647382,0.6027280232638551,35.916502579737674
mortality_age_standardized_rate,Drift,62,2026,33.36992683209765,0.496276283757132,33.86620311585478
mortality_age_standardized_rate,Drift,62,2027,31.426079107721478,-1.2047507969378306,30.221328310783647
mortality_age_standardized_rate,Drift,62,2028,29.482231383345308,-0.3008184906861974,29.18141289265911
mortality_age_standardized_rate,Drift,62,2029,27.53838365896914,1.0439555594385532,28.582339218407693
mortality_age_standardized_rate,Drift,62,2030,25.59453593459297,-1.593735500252188,24.000800434340782
mortality_age_standardized_rate,Drift,63,2024,33.000586515155064,-0.6023753984689153,32.39821111668615
mortality_age_standardized_rate,Drift,63,2025,30.70826602390312,-0.8518874581546373,29.856378565748486
mortality_age_standardized_rate,Drift,63,2026,28.415945532651172,-1.043344795377709,27.372600737273462
mortality_age_standardized_rate,Drift,63,2027,26.12362504139923,-0.2655185356478699,25.85810650575136
mortality_age_standardized_rate,Drift,63,2028,23.83130455014728,-1.3469523389500173,22.484352211197262
mortality_age_standardized_rate,Drift,63,2029,21.538984058895334,1.0439555594385532,22.58293961833389
mortality_age_standardized_rate,Drift,63,2030,19.246663567643388,1.1276008802304298,20.374264447873816
mortality_age_standardized_rate,Drift,64,2024,32.98128419417592,-0.13453011881264498,32.84675407536327
mortality_age_standardized_rate,Drift,64,2025,29.81516860757706,-0.8518874581546373,28.963281149422425
mortality_age_standardized_rate,Drift,64,2026,26.6490530209782,0.2718392542626582,26.92089227524086
mortality_age_standardized_rate,Drift,64,2027,23.482937434379338,0.3138929332497057,23.796830367629042
mortality_age_standardized_rate,Drift,64,2028,20.316821847780474,-0.3008184906861974,20.016003357094277
mortality_age_standardized_rate,Drift,64,2029,17.150706261181615,0.7018406511734545,17.85254691235507
mortality_age_standardized_rate,Drift,64,2030,13.984590674582755,0.41524131983965945,14.399831994422414
mortality_age_standardized_rate,Drift,65,2024,39.305024350140656,-0.6023753984689153,38.70264895167174
mortality_age_standardized_rate,Drift,65,2025,37.02431925308051,-0.19025431857250635,36.83406493450801
mortality_age_standardized_rate,Drift,65,2026,34.743614156020364,0.496276283757132,35.2398904397775
mortality_age_standardized_rate,Drift,65,2027,32.462909058960214,0.3138929332497057,32.77680199220992
mortality_age_standardized_rate,Drift,65,2028,30.18220396190007,-1.3469523389500173,28.83525162295005
mortality_age_standardized_rate,Drift,65,2029,27.901498864839922,1.0439555594385532,28.945454424278477
mortality_age_standardized_rate,Drift,65,2030,25.620793767779773,-0.3559332382262306,25.26486052955354
mortality_age_standardized_rate,Drift,66,2024,33.69487311807231,-0.13275926782393496,33.56211385024837
mortality_age_standardized_rate,Drift,66,2025,31.429820801821457,0.6027280232638551,32.032548825085314
mortality_age_standardized_rate,Drift,66,2026,29.164768485570598,0.496276283757132,29.66104476932773
mortality_age_standardized_rate,Drift,66,2027,26.899716169319746,0.3138929332497057,27.21360910256945
mortality_age_standardized_rate,Drift,66,2028,24.634663853068886,0.6406899273696929,25.27535378043858
mortality_age_standardized_rate,Drift,66,2029,22.36961153681803,0.7018406511734545,23.071452187991486
mortality_age_standardized_rate,Drift,66,2030,20.104559220567175,-1.593735500252188,18.51082372031499
mortality_age_standardized_rate,Drift,67,2024,37.00056570099077,0.28652524601960727,37.28709094701038
mortality_age_standardized_rate,Drift,67,2025,33.90333438483371,-0.8518874581546373,33.05144692667908
mortality_age_standardized_rate,Drift,67,2026,30.80610306867665,0.7381880553363969,31.544291124013046
mortality_age_standardized_rate,Drift,67,2027,27.708871752519592,0.5730504920392145,28.281922244558807
mortality_age_standardized_rate,Drift,67,2028,24.611640436362535,-1.3469523389500173,23.264688097412517
mortality_age_standardized_rate,Drift,67,2029,21.514409120205475,0.7018406511734545,22.21624977137893
mortality_age_standardized_rate,Drift,67,2030,18.417177804048414,0.41524131983965945,18.832419123888073
mortality_age_standardized_rate,Drift,68,2024,31.453401533928773,0.42619307246103516,31.87959460638981
mortality_age_standardized_rate,Drift,68,2025,29.357967333616223,-0.19025431857250635,29.167713015043716
mortality_age_standardized_rate,Drift,68,2026,27.26253313330367,-1.043344795377709,26.21918833792596
mortality_age_standardized_rate,Drift,68,2027,25.16709893299112,-0.2655185356478699,24.90158039734325
mortality_age_standardized_rate,Drift,68,2028,23.07166473267857,0.952996681562368,24.02466141424094
mortality_age_standardized_rate,Drift,68,2029,20.976230532366017,-0.32953014612697606,20.64670038623904
mortality_age_standardized_rate,Drift,68,2030,18.880796332053468,-0.35124800690115104,18.529548325152316
mortality_age_standardized_rate,Drift,69,2024,41.63425350551363,-0.6023753984689153,41.03187810704471
mortality_age_standardized_rate,Drift,69,2025,38.78511624816267,-0.8518874581546373,37.93322879000804
mortality_age_standardized_rate,Drift,69,2026,35.93597899081171,0.2718392542626582,36.20781824507437
mortality_age_standardized_rate,Drift,69,2027,33.08684173346075,0.5730504920392145,33.659892225499966
mortality_age_standardized_rate,Drift,69,2028,30.237704476109794,0.6406899273696929,30.878394403479486
mortality_age_standardized_rate,Drift,69,2029,27.388567218758837,0.38443876016363937,27.773005978922477
mortality_age_standardized_rate,Drift,69,2030,24.539429961407876,1.1276008802304298,25.667030841638304
mortality_age_standardized_rate,Drift,70,2024,46.198002803368375,0.42619307246103516,46.62419587582941
mortality_age_standardized_rate,Drift,70,2025,44.219401763478515,-0.8518874581546373,43.36751430532388
mortality_age_standardized_rate,Drift,70,2026,42.24080072358865,-1.043344795377709,41.19745592821094
mortality_age_standardized_rate,Drift,70,2027,40.26219968369879,-0.2655185356478699,39.99668114805092
mortality_age_standardized_rate,Drift,70,2028,38.28359864380893,-0.3008184906861974,37.98278015312273
mortality_age_standardized_rate,Drift,70,2029,36.30499760391907,0.38443876016363937,36.68943636408271
mortality_age_standardized_rate,Drift,70,2030,34.32639656402921,1.1276008802304298,35.45399744425964
mortality_age_standardized_rate,Drift,71,2024,37.14337349567921,0.28652524601960727,37.429898741698814
mortality_age_standardized_rate,Drift,71,2025,34.43744888960404,-0.19025431857250635,34.247194571031535
mortality_age_standardized_rate,Drift,71,2026,31.73152428352887,0.2718392542626582,32.00336353779153
mortality_age_standardized_rate,Drift,71,2027,29.0255996774537,0.8523861449220703,29.877985822375773
mortality_age_standardized_rate,Drift,71,2028,26.319675071378533,-1.3469523389500173,24.972722732428515
mortality_age_standardized_rate,Drift,71,2029,23.61375046530336,1.0439555594385532,24.657706024741916
mortality_age_standardized_rate,Drift,71,2030,20.907825859228193,0.7580745453094804,21.665900404537673
mortality_age_standardized_rate,Drift,72,2024,28.741372435215993,0.15694646662485284,28.898318901840845
mortality_age_standardized_rate,Drift,72,2025,24.99162382871281,0.22195582166740319,25.213579650380215
mortality_age_standardized_rate,Drift,72,2026,21.24187522220963,-0.2299457970466994,21.01192942516293
mortality_age_standardized_rate,Drift,72,2027,17.492126615706447,0.8523861449220703,18.34451276062852
mortality_age_standardized_rate,Drift,72,2028,13.74237800920326,-0.29685874749741914,13.445519261705842
mortality_age_standardized_rate,Drift,72,2029,9.992629402700079,0.7018406511734545,10.694470053873534
mortality_age_standardized_rate,Drift,72,2030,6.242880796196896,0.41524131983965945,6.658122116036556
mortality_age_standardized_rate,Drift,73,2024,41.377404570671715,0.28652524601960727,41.66392981669132
mortality_age_standardized_rate,Drift,73,2025,38.44175861878981,-0.19025431857250635,38.251504300217306
mortality_age_standardized_rate,Drift,73,2026,35.50611266690792,-0.2330130009317787,35.27309966597614
mortality_age_standardized_rate,Drift,73,2027,32.570466715026015,0.8523861449220703,33.42285285994809
mortality_age_standardized_rate,Drift,73,2028,29.63482076314412,-0.29685874749741914,29.3379620156467
mortality_age_standardized_rate,Drift,73,2029,26.69917481126222,0.38443876016363937,27.08361357142586
mortality_age_standardized_rate,Drift,73,2030,23.763528859380322,-1.593735500252188,22.169793359128136
mortality_age_standardized_rate,Drift,74,2024,32.53478457976327,-0.6023753984689153,31.932409181294354
mortality_age_standardized_rate,Drift,74,2025,29.52584260408432,0.22195582166740319,29.747798425751725
mortality_age_standardized_rate,Drift,74,2026,26.51690062840537,0.7381880553363969,27.255088683741768
mortality_age_standardized_rate,Drift,74,2027,23.507958652726423,0.3138929332497057,23.821851585976127
mortality_age_standardized_rate,Drift,74,2028,20.49901667704747,0.952996681562368,21.45201335860984
mortality_age_standardized_rate,Drift,74,2029,17.49007470136852,0.7018406511734545,18.191915352541976
mortality_age_standardized_rate,Drift,74,2030,14.481132725689573,-0.3559332382262306,14.125199487463343
mortality_age_standardized_rate,Drift,75,2024,33.20450449630551,-0.13453011881264498,33.06997437749286
mortality_age_standardized_rate,Drift,75,2025,30.962583941605946,0.22195582166740319,31.18453976327335
mortality_age_standardized_rate,Drift,75,2026,28.72066338690638,0.7381880553363969,29.45885144224278
mortality_age_standardized_rate,Drift,75,2027,26.478742832206812,0.3138929332497057,26.792635765456517
mortality_age_standardized_rate,Drift,75,2028,24.236822277507244,-1.3469523389500173,22.889869938557226
mortality_age_standardized_rate,Drift,75,2029,21.99490172280768,-0.32953014612697606,21.665371576680702
mortality_age_standardized_rate,Drift,75,2030,19.752981168108114,-1.593735500252188,18.159245667855927
mortality_age_standardized_rate,Drift,76,2024,34.24518554541558,0.15694646662485284,34.40213201204043
mortality_age_standardized_rate,Drift,76,2025,31.41337071992597,-0.19025431857250635,31.223116401353465
mortality_age_standardized_rate,Drift,76,2026,28.581555894436363,-0.2299457970466994,28.351610097389663
mortality_age_standardized_rate,Drift,76,2027,25.749741068946754,-1.2047507969378306,24.544990272008924
mortality_age_standardized_rate,Drift,76,2028,22.917926243457146,-0.3008184906861974,22.61710775277095
mortality_age_standardized_rate,Drift,76,2029,20.086111417967533,0.38443876016363937,20.470550178131173
mortality_age_standardized_rate,Drift,76,2030,17.254296592477925,0.41524131983965945,17.669537912317583
mortality_age_standardized_rate,Drift,77,2024,42.47892969474314,-0.6023753984689153,41.87655429627422
mortality_age_standardized_rate,Drift,77,2025,39.27995272759548,-0.8518874581546373,38.42806526944084
mortality_age_standardized_rate,Drift,77,2026,36.08097576044782,-0.2299457970466994,35.851029963401125
mortality_age_standardized_rate,Drift,77,2027,32.88199879330016,-1.2047507969378306,31.677247996362333
mortality_age_standardized_rate,Drift,77,2028,29.683021826152505,0.3509429682015729,30.033964794354077
mortality_age_standardized_rate,Drift,77,2029,26.48404485900485,1.0439555594385532,27.528000418443405
mortality_age_standardized_rate,Drift,77,2030,23.285067891857192,-0.35124800690115104,22.93381988495604
mortality_age_standardized_rate,Drift,78,2024,29.382610833729856,-0.13275926782393496,29.24985156590592
mortality_age_standardized_rate,Drift,78,2025,25.44033557723405,0.22195582166740319,25.662291398901452
mortality_age_standardized_rate,Drift,78,2026,21.49806032073824,0.7381880553363969,22.236248376074638
mortality_age_standardized_rate,Drift,78,2027,17.55578506424243,-0.2655185356478699,17.290266528594557
mortality_age_standardized_rate,Drift,78,2028,13.613509807746617,-0.3008184906861974,13.31269131706042
mortality_age_standardized_rate,Drift,78,2029,9.671234551250809,-0.32519246479413344,9.346042086456675
mortality_age_standardized_rate,Drift,78,2030,5.7289592947550005,1.1276008802304298,6.856560174985431
mortality_age_standardized_rate,Drift,79,2024,33.5981590784176,0.42619307246103516,34.024352150878634
mortality_age_standardized_rate,Drift,79,2025,31.19379680699066,-0.19025431857250635,31.003542488418155
mortality_age_standardized_rate,Drift,79,2026,28.78943453556372,0.2718392542626582,29.06127378982638
mortality_age_standardized_rate,Drift,79,2027,26.38507226413678,0.3138929332497057,26.698965197386485
mortality_age_standardized_rate,Drift,79,2028,23.98070999270984,-0.3008184906861974,23.679891502023644
mortality_age_standardized_rate,Drift,79,2029,21.576347721282897,-1.4755123598545377,20.10083536142836
mortality_age_standardized_rate,Drift,79,2030,19.171985449855956,1.1276008802304298,20.299586330086385
mortality_age_standardized_rate,Drift,80,2024,33.93626372459316,-0.13453011881264498,33.80173360578051
mortality_age_standardized_rate,Drift,80,2025,31.783061247207133,0.6027280232638551,32.38578927047099
mortality_age_standardized_rate,Drift,80,2026,29.6298587698211,-1.043344795377709,28.586513974443392
mortality_age_standardized_rate,Drift,80,2027,27.476656292435074,0.5730504920392145,28.04970678447429
mortality_age_standardized_rate,Drift,80,2028,25.323453815049042,0.3509429682015729,25.674396783250614
mortality_age_standardized_rate,Drift,80,2029,23.17025133766301,-0.32519246479413344,22.845058872868876
mortality_age_standardized_rate,Drift,80,2030,21.01704886027698,0.41524131983965945,21.432290180116638
mortality_age_standardized_rate,Drift,81,2024,37.11151209039598,0.28652524601960727,37.39803733641559
mortality_age_standardized_rate,Drift,81,2025,34.540019599056045,0.22195582166740319,34.761975420723445
mortality_age_standardized_rate,Drift,81,2026,31.96852710771611,-1.043344795377709,30.9251823123384
mortality_age_standardized_rate,Drift,81,2027,29.39703461637617,-1.2047507969378306,28.19228381943834
mortality_age_standardized_rate,Drift,81,2028,26.825542125036232,-0.29685874749741914,26.528683377538812
mortality_age_standardized_rate,Drift,81,2029,24.254049633696297,0.38443876016363937,24.638488393859937
mortality_age_standardized_rate,Drift,81,2030,21.68255714235636,-1.593735500252188,20.088821642104172
mortality_age_standardized_rate,Drift,82,2024,39.21230518714697,0.28652524601960727,39.498830433166574
mortality_age_standardized_rate,Drift,82,2025,36.428867848961175,0.6027280232638551,37.03159587222503
mortality_age_standardized_rate,Drift,82,2026,33.64543051077539,0.7381880553363969,34.383618566111785
mortality_age_standardized_rate,Drift,82,2027,30.8619931725896,-0.2655185356478699,30.59647463694173
mortality_age_standardized_rate,Drift,82,2028,28.078555834403808,0.952996681562368,29.031552515966176
mortality_age_standardized_rate,Drift,82,2029,25.29511849621802,-0.32519246479413344,24.969926031423885
mortality_age_standardized_rate,Drift,82,2030,22.511681158032232,0.7580745453094804,23.269755703341712
mortality_age_standardized_rate,Drift,83,2024,36.03690874487581,0.15694646662485284,36.19385521150066
mortality_age_standardized_rate,Drift,83,2025,34.45280765215901,0.6027280232638551,35.05553567542287
mortality_age_standardized_rate,Drift,83,2026,32.8687065594422,-1.043344795377709,31.825361764064493
mortality_age_standardized_rate,Drift,83,2027,31.284605466725402,-0.2655185356478699,31.01908693107753
mortality_age_standardized_rate,Drift,83,2028,29.700504374008602,-0.29685874749741914,29.40364562651118
mortality_age_standardized_rate,Drift,83,2029,28.116403281291802,0.38443876016363937,28.500842041455442
mortality_age_standardized_rate,Drift,83,2030,26.532302188575,1.1276008802304298,27.659903068805427
mortality_age_standardized_rate,Drift,84,2024,46.30408607423645,-0.13275926782393496,46.171326806412516
mortality_age_standardized_rate,Drift,84,2025,43.175550229697514,0.6027280232638551,43.77827825296137
mortality_age_standardized_rate,Drift,84,2026,40.04701438515857,0.496276283757132,40.5432906689157
mortality_age_standardized_rate,Drift,84,2027,36.918478540619624,-0.2655185356478699,36.65296000497175
mortality_age_standardized_rate,Drift,84,2028,33.789942696080686,0.3509429682015729,34.14088566428226
mortality_age_standardized_rate,Drift,84,2029,30.66140685154174,0.7018406511734545,31.363247502715197
mortality_age_standardized_rate,Drift,84,2030,27.532871007002797,0.7580745453094804,28.290945552312277
mortality_age_standardized_rate,Drift,85,2024,29.22019139490156,-0.6023753984689153,28.617815996432643
mortality_age_standardized_rate,Drift,85,2025,25.441852678036344,-0.8518874581546373,24.58996521988171
mortality_age_standardized_rate,Drift,85,2026,21.663513961171134,0.7381880553363969,22.40170201650753
mortality_age_standardized_rate,Drift,85,2027,17.88517524430592,-0.2655185356478699,17.61965670865805
mortality_age_standardized_rate,Drift,85,2028,14.10683652744071,-0.29685874749741914,13.80997777994329
mortality_age_standardized_rate,Drift,85,2029,10.328497810575499,0.38443876016363937,10.712936570739139
mortality_age_standardized_rate,Drift,85,2030,6.550159093710285,-0.3559332382262306,6.194225855484055
mortality_age_standardized_rate,Drift,86,2024,41.35140138452316,0.15694646662485284,41.50834785114801
mortality_age_standardized_rate,Drift,86,2025,38.88491560501053,0.22195582166740319,39.10687142667793
mortality_age_standardized_rate,Drift,86,2026,36.418429825497896,-1.043344795377709,35.37508503012019
mortality_age_standardized_rate,Drift,86,2027,33.95194404598527,-0.2655185356478699,33.6864255103374
mortality_age_standardized_rate,Drift,86,2028,31.485458266472644,-0.29685874749741914,31.188599518975224
mortality_age_standardized_rate,Drift,86,2029,29.018972486960017,1.0439555594385532,30.06292804639857
mortality_age_standardized_rate,Drift,86,2030,26.55248670744739,-0.3559332382262306,26.196553469221158
mortality_age_standardized_rate,Drift,87,2024,34.39136073645877,0.15694646662485284,34.548307203083624
mortality_age_standardized_rate,Drift,87,2025,30.875959110489575,0.40520788888321624,31.28116699937279
mortality_age_standardized_rate,Drift,87,2026,27.360557484520378,0.7381880553363969,28.098745539856775
mortality_age_standardized_rate,Drift,87,2027,23.84515585855118,-0.2655185356478699,23.57963732290331
mortality_age_standardized_rate,Drift,87,2028,20.329754232581983,0.952996681562368,21.28275091414435
mortality_age_standardized_rate,Drift,87,2029,16.814352606612786,0.7018406511734545,17.51619325778624
mortality_age_standardized_rate,Drift,87,2030,13.298950980643589,1.1276008802304298,14.426551860874019
mortality_age_standardized_rate,Drift,88,2024,38.817850022897446,-0.13275926782393496,38.68509075507351
mortality_age_standardized_rate,Drift,88,2025,36.834777984411616,-0.19025431857250635,36.64452366583911
mortality_age_standardized_rate,Drift,88,2026,34.85170594592578,0.7381880553363969,35.589894001262174
mortality_age_standardized_rate,Drift,88,2027,32.86863390743995,-1.2047507969378306,31.66388311050212
mortality_age_standardized_rate,Drift,88,2028,30.88556186895412,0.952996681562368,31.83855855051649
mortality_age_standardized_rate,Drift,88,2029,28.902489830468287,-1.4755123598545377,27.42697747061375
mortality_age_standardized_rate,Drift,88,2030,26.919417791982454,0.7580745453094804,27.677492337291934
mortality_age_standardized_rate,Drift,89,2024,32.85639877324053,-0.13275926782393496,32.72363950541659
mortality_age_standardized_rate,Drift,89,2025,29.384619944494972,0.22195582166740319,29.606575766162376
mortality_age_standardized_rate,Drift,89,2026,25.912841115749416,-1.043344795377709,24.869496320371706
mortality_age_standardized_rate,Drift,89,2027,22.44106228700386,0.5730504920392145,23.014112779043074
mortality_age_standardized_rate,Drift,89,2028,18.969283458258303,0.6406899273696929,19.609973385627995
mortality_age_standardized_rate,Drift,89,2029,15.497504629512747,0.7018406511734545,16.199345280686202
mortality_age_standardized_rate,Drift,89,2030,12.02572580076719,1.1276008802304298,13.15332668099762
mortality_age_standardized_rate,Drift,90,2024,31.23542591033786,-0.13453011881264498,31.100895791525215
mortality_age_standardized_rate,Drift,90,2025,28.248500149669404,0.6027280232638551,28.851228172933258
mortality_age_standardized_rate,Drift,90,2026,25.26157438900095,-0.2330130009317787,25.02856138806917
mortality_age_standardized_rate,Drift,90,2027,22.274648628332493,0.5730504920392145,22.847699120371708
mortality_age_standardized_rate,Drift,90,2028,19.287722867664037,0.3509429682015729,19.63866583586561
mortality_age_standardized_rate,Drift,90,2029,16.300797106995585,1.0439555594385532,17.34475266643414
mortality_age_standardized_rate,Drift,90,2030,13.31387134632713,-0.35124800690115104,12.962623339425978
mortality_age_standardized_rate,Drift,91,2024,47.21738622897175,0.28652524601960727,47.503911474991355
mortality_age_standardized_rate,Drift,91,2025,45.0184868733474,-0.19025431857250635,44.82823255477489
mortality_age_standardized_rate,Drift,91,2026,42.81958751772304,0.2718392542626582,43.0914267719857
mortality_age_standardized_rate,Drift,91,2027,40.620688162098695,-1.2047507969378306,39.415937365160865
mortality_age_standardized_rate,Drift,91,2028,38.421788806474346,-1.3469523389500173,37.07483646752433
mortality_age_standardized_rate,Drift,91,2029,36.22288945084999,0.7018406511734545,36.924730102023446
mortality_age_standardized_rate,Drift,91,2030,34.02399009522564,0.41524131983965945,34.4392314150653
mortality_age_standardized_rate,Drift,92,2024,49.17058167444059,0.28652524601960727,49.4571069204602
mortality_age_standardized_rate,Drift,92,2025,46.92340543029282,-0.19025431857250635,46.73315111172031
mortality_age_standardized_rate,Drift,92,2026,44.67622918614505,-0.2299457970466994,44.446283389098355
mortality_age_standardized_rate,Drift,92,2027,42.42905294199728,-1.2047507969378306,41.22430214505945
mortality_age_standardized_rate,Drift,92,2028,40.1818766978495,0.952996681562368,41.13487337941187
mortality_age_standardized_rate,Drift,92,2029,37.93470045370174,-0.32953014612697606,37.60517030757476
mortality_age_standardized_rate,Drift,92,2030,35.68752420955396,-0.35124800690115104,35.33627620265281
mortality_age_standardized_rate,Drift,93,2024,27.335041677567197,0.28652524601960727,27.621566923586805
mortality_age_standardized_rate,Drift,93,2025,24.36847440727576,0.6027280232638551,24.971202430539613
mortality_age_standardized_rate,Drift,93,2026,21.40190713698432,-1.043344795377709,20.35856234160661
mortality_age_standardized_rate,Drift,93,2027,18.43533986669288,0.5730504920392145,19.008390358732093
mortality_age_standardized_rate,Drift,93,2028,15.468772596401438,-1.3469523389500173,14.121820257451422
mortality_age_standardized_rate,Drift,93,2029,12.502205326109998,0.38443876016363937,12.886644086273638
mortality_age_standardized_rate,Drift,93,2030,9.53563805581856,0.41524131983965945,9.950879375658218
mortality_age_standardized_rate,Drift,94,2024,46.93541986366017,-0.13275926782393496,46.80266059583624
mortality_age_standardized_rate,Drift,94,2025,44.155616237377835,-0.8518874581546373,43.3037287792232
mortality_age_standardized_rate,Drift,94,2026,41.3758126110955,-0.2299457970466994,41.1458668140488
mortality_age_standardized_rate,Drift,94,2027,38.59600898481317,0.5730504920392145,39.16905947685238
mortality_age_standardized_rate,Drift,94,2028,35.81620535853084,-0.3008184906861974,35.51538686784464
mortality_age_standardized_rate,Drift,94,2029,33.0364017322485,0.38443876016363937,33.42084049241214
mortality_age_standardized_rate,Drift,94,2030,30.256598105966166,1.1276008802304298,31.384198986196594
mortality_age_standardized_rate,Drift,95,2024,34.32962289319954,0.15694646662485284,34.486569359824394
mortality_age_standardized_rate,Drift,95,2025,31.08024902113346,-0.8518874581546373,30.228361562978826
mortality_age_standardized_rate,Drift,95,2026,27.830875149067374,0.7381880553363969,28.569063204403772
mortality_age_standardized_rate,Drift,95,2027,24.58150127700129,0.3138929332497057,24.895394210250995
mortality_age_standardized_rate,Drift,95,2028,21.332127404935207,0.6406899273696929,21.9728173323049
mortality_age_standardized_rate,Drift,95,2029,18.08275353286912,-0.32519246479413344,17.757561068074985
mortality_age_standardized_rate,Drift,95,2030,14.833379660803036,-0.3559332382262306,14.477446422576806
mortality_age_standardized_rate,Drift,96,2024,45.52014486290642,0.28652524601960727,45.80667010892603
mortality_age_standardized_rate,Drift,96,2025,42.962850224369205,-0.8518874581546373,42.11096276621457
mortality_age_standardized_rate,Drift,96,2026,40.40555558583199,-0.2330130009317787,40.172542584900214
mortality_age_standardized_rate,Drift,96,2027,37.848260947294776,0.8523861449220703,38.70064709221685
mortality_age_standardized_rate,Drift,96,2028,35.29096630875756,-1.3469523389500173,33.94401396980754
mortality_age_standardized_rate,Drift,96,2029,32.73367167022034,-0.32953014612697606,32.40414152409336
mortality_age_standardized_rate,Drift,96,2030,30.176377031683124,0.41524131983965945,30.591618351522783
mortality_age_standardized_rate,Drift,97,2024,34.192644739025354,0.42619307246103516,34.61883781148639
mortality_age_standardized_rate,Drift,97,2025,30.38339112589864,0.22195582166740319,30.605346947566044
mortality_age_standardized_rate,Drift,97,2026,26.574137512771927,-1.043344795377709,25.530792717394217
mortality_age_standardized_rate,Drift,97,2027,22.764883899645213,-1.2047507969378306,21.560133102707383
mortality_age_standardized_rate,Drift,97,2028,18.9556302865185,-1.3469523389500173,17.60867794756848
mortality_age_standardized_rate,Drift,97,2029,15.146376673391785,-0.32519246479413344,14.821184208597652
mortality_age_standardized_rate,Drift,97,2030,11.337123060265071,-0.35124800690115104,10.98587505336392
mortality_age_standardized_rate,Drift,98,2024,36.93638304279293,-0.13453011881264498,36.801852923980285
mortality_age_standardized_rate,Drift,98,2025,34.76247508444696,0.40520788888321624,35.16768297333018
mortality_age_standardized_rate,Drift,98,2026,32.588567126101,-0.2330130009317787,32.35555412516922
mortality_age_standardized_rate,Drift,98,2027,30.414659167755026,0.8523861449220703,31.267045312677098
mortality_age_standardized_rate,Drift,98,2028,28.240751209409055,0.6406899273696929,28.881441136778747
mortality_age_standardized_rate,Drift,98,2029,26.066843251063084,1.0439555594385532,27.110798810501638
mortality_age_standardized_rate,Drift,98,2030,23.892935292717112,-0.3559332382262306,23.53700205449088
mortality_age_standardized_rate,Drift,99,2024,35.903146980351416,-0.6023753984689153,35.3007715818825
mortality_age_standardized_rate,Drift,99,2025,33.35925353159637,0.40520788888321624,33.76446142047959
mortality_age_standardized_rate,Drift,99,2026,30.815360082841323,0.2718392542626582,31.087199337103982
mortality_age_standardized_rate,Drift,99,2027,28.271466634086277,0.3138929332497057,28.58535956733598
mortality_age_standardized_rate,Drift,99,2028,25.72757318533123,0.6406899273696929,26.368263112700923
mortality_age_standardized_rate,Drift,99,2029,23.18367973657618,0.7018406511734545,23.885520387749636
mortality_age_standardized_rate,Drift,99,2030,20.639786287821135,1.1276008802304298,21.767387168051563
mortality_age_standardized_rate,Drift,100,2024,26.503490309282494,0.28652524601960727,26.7900155553021
mortality_age_standardized_rate,Drift,100,2025,24.336700790584693,-0.18774995708733086,24.148950833497363
mortality_age_standardized_rate,Drift,100,2026,22.16991127188689,-0.2299457970466994,21.93996547484019
mortality_age_standardized_rate,Drift,100,2027,20.00312175318909,-0.26906023762528997,19.734061515563802
mortality_age_standardized_rate,Drift,100,2028,17.836332234491287,-0.3008184906861974,17.53551374380509
mortality_age_standardized_rate,Drift,100,2029,15.669542715793487,-1.4755123598545377,14.19403035593895
mortality_age_standardized_rate,Drift,100,2030,13.502753197095686,1.1276008802304298,14.630354077326116
mortality_to_incidence_age_standardized_ratio,ETS,1,2024,0.17829766755345905,-0.0027046644759442626,0.1755930030775148
mortality_to_incidence_age_standardized_ratio,ETS,1,2025,0.17829766755345905,0.0030967453449094835,0.18139441289836852
mortality_to_incidence_age_standardized_ratio,ETS,1,2026,0.17829766755345905,0.001075225113341212,0.17937289266680026
mortality_to_incidence_age_standardized_ratio,ETS,1,2027,0.17829766755345905,0.005721950506634583,0.18401961806009362
mortality_to_incidence_age_standardized_ratio,ETS,1,2028,0.17829766755345905,-0.0060478136245402155,0.17224985392891884
mortality_to_incidence_age_standardized_ratio,ETS,1,2029,0.17829766755345905,-0.0017916294391429675,0.1765060381143161
mortality_to_incidence_age_standardized_ratio,ETS,1,2030,0.17829766755345905,-0.0019351809704532465,0.1763624865830058
mortality_to_incidence_age_standardized_ratio,ETS,2,2024,0.21723940768704697,-0.0007314296556748463,0.21650797803137212
mortality_to_incidence_age_standardized_ratio,ETS,2,2025,0.21526871032080333,0.0030967453449094835,0.2183654556657128
mortality_to_incidence_age_standardized_ratio,ETS,2,2026,0.21329801295455966,-0.003871812974914113,0.20942619997964554
mortality_to_incidence_age_standardized_ratio,ETS,2,2027,0.211327315588316,-0.004470784526637099,0.2068565310616789
mortality_to_incidence_age_standardized_ratio,ETS,2,2028,0.20935661822207235,-0.0016355264308482208,0.20772109179122414
mortality_to_incidence_age_standardized_ratio,ETS,2,2029,0.2073859208558287,0.005363720275485632,0.2127496411313143
mortality_to_incidence_age_standardized_ratio,ETS,2,2030,0.20541522348958502,-0.007155869583219357,0.19825935390636568
mortality_to_incidence_age_standardized_ratio,ETS,3,2024,0.2070085744673927,-0.0027046644759442626,0.20430390999144846
mortality_to_incidence_age_standardized_ratio,ETS,3,2025,0.20506332712192782,0.0040460300048551145,0.20910935712678294
mortality_to_incidence_age_standardized_ratio,ETS,3,2026,0.20311807977646293,0.001075225113341212,0.20419330488980414
mortality_to_incidence_age_standardized_ratio,ETS,3,2027,0.20117283243099807,0.0012415630172539895,0.20241439544825204
mortality_to_incidence_age_standardized_ratio,ETS,3,2028,0.19922758508553318,-0.004998489057157385,0.1942290960283758
mortality_to_incidence_age_standardized_ratio,ETS,3,2029,0.1972823377400683,0.005363720275485632,0.2026460580155539
mortality_to_incidence_age_standardized_ratio,ETS,3,2030,0.1953370903946034,0.007569429027387573,0.20290651942199098
mortality_to_incidence_age_standardized_ratio,ETS,4,2024,0.22181359115060778,0.0006207815086269947,0.22243437265923477
mortality_to_incidence_age_standardized_ratio,ETS,4,2025,0.21982043028885964,0.0030967453449094835,0.22291717563376912
mortality_to_incidence_age_standardized_ratio,ETS,4,2026,0.2178272694271115,-0.004684616289762114,0.2131426531373494
mortality_to_incidence_age_standardized_ratio,ETS,4,2027,0.21583410856536336,0.005721950506634583,0.22155605907199794
mortality_to_incidence_age_standardized_ratio,ETS,4,2028,0.21384094770361523,-0.0060478136245402155,0.20779313407907501
mortality_to_incidence_age_standardized_ratio,ETS,4,2029,0.2118477868418671,0.0070079295373572095,0.2188557163792243
mortality_to_incidence_age_standardized_ratio,ETS,4,2030,0.20985462598011895,-0.005914292011418694,0.20394033396870026
mortality_to_incidence_age_standardized_ratio,ETS,5,2024,0.2457077584145729,0.0028609752533172916,0.2485687336678902
mortality_to_incidence_age_standardized_ratio,ETS,5,2025,0.2457077584145729,0.0040460300048551145,0.24975378841942802
mortality_to_incidence_age_standardized_ratio,ETS,5,2026,0.2457077584145729,-0.003871812974914113,0.24183594543965878
mortality_to_incidence_age_standardized_ratio,ETS,5,2027,0.2457077584145729,0.0012415630172539895,0.24694932143182688
mortality_to_incidence_age_standardized_ratio,ETS,5,2028,0.2457077584145729,-0.0016355264308482208,0.24407223198372469
mortality_to_incidence_age_standardized_ratio,ETS,5,2029,0.2457077584145729,-0.005475570420095659,0.24023218799447724
mortality_to_incidence_age_standardized_ratio,ETS,5,2030,0.2457077584145729,0.005793480047369194,0.2515012384619421
mortality_to_incidence_age_standardized_ratio,ETS,6,2024,0.21293352061925855,0.0028609752533172916,0.21579449587257585
mortality_to_incidence_age_standardized_ratio,ETS,6,2025,0.21066209656143026,-0.0010343977389772505,0.209627698822453
mortality_to_incidence_age_standardized_ratio,ETS,6,2026,0.208390672503602,0.004955354497942788,0.21334602700154479
mortality_to_incidence_age_standardized_ratio,ETS,6,2027,0.20611924844577373,-0.004470784526637099,0.20164846391913663
mortality_to_incidence_age_standardized_ratio,ETS,6,2028,0.20384782438794546,0.004896384311718841,0.2087442086996643
mortality_to_incidence_age_standardized_ratio,ETS,6,2029,0.20157640033011717,-0.0017916294391429675,0.1997847708909742
mortality_to_incidence_age_standardized_ratio,ETS,6,2030,0.1993049762722889,-0.0019351809704532465,0.19736979530183565
mortality_to_incidence_age_standardized_ratio,ETS,7,2024,0.2544377101081248,-0.0027046644759442626,0.2517330456321806
mortality_to_incidence_age_standardized_ratio,ETS,7,2025,0.2544377101081248,-0.0010343977389772505,0.2534033123691476
mortality_to_incidence_age_standardized_ratio,ETS,7,2026,0.2544377101081248,-0.0012668733257914433,0.2531708367823334
mortality_to_incidence_age_standardized_ratio,ETS,7,2027,0.2544377101081248,-0.0014628593113496925,0.2529748507967751
mortality_to_incidence_age_standardized_ratio,ETS,7,2028,0.2544377101081248,0.0013881096524648322,0.25582581976058966
mortality_to_incidence_age_standardized_ratio,ETS,7,2029,0.2544377101081248,0.0070079295373572095,0.261445639645482
mortality_to_incidence_age_standardized_ratio,ETS,7,2030,0.2544377101081248,0.007569429027387573,0.2620071391355124
mortality_to_incidence_age_standardized_ratio,ETS,8,2024,0.2244528059864297,-0.0027046644759442626,0.22174814151048544
mortality_to_incidence_age_standardized_ratio,ETS,8,2025,0.22270447042693992,0.0008779176287707263,0.22358238805571065
mortality_to_incidence_age_standardized_ratio,ETS,8,2026,0.22095613486745017,-0.0012668733257914433,0.21968926154165871
mortality_to_incidence_age_standardized_ratio,ETS,8,2027,0.21920779930796042,-0.0014628593113496925,0.21774493999661074
mortality_to_incidence_age_standardized_ratio,ETS,8,2028,0.21745946374847064,-0.0016355264308482208,0.21582393731762242
mortality_to_incidence_age_standardized_ratio,ETS,8,2029,0.2157111281889809,-0.0017916294391429675,0.21391949874983793
mortality_to_incidence_age_standardized_ratio,ETS,8,2030,0.21396279262949114,0.007569429027387573,0.22153222165687872
mortality_to_incidence_age_standardized_ratio,ETS,9,2024,0.2607624480676396,-0.0027046644759442626,0.25805778359169534
mortality_to_incidence_age_standardized_ratio,ETS,9,2025,0.2607624480676396,0.0008779176287707263,0.2616403656964103
mortality_to_incidence_age_standardized_ratio,ETS,9,2026,0.2607624480676396,-0.004684616289762114,0.25607783177787746
mortality_to_incidence_age_standardized_ratio,ETS,9,2027,0.2607624480676396,0.00437945926598674,0.26514190733362636
mortality_to_incidence_age_standardized_ratio,ETS,9,2028,0.2607624480676396,-0.0016355264308482208,0.25912692163679135
mortality_to_incidence_age_standardized_ratio,ETS,9,2029,0.2607624480676396,0.005363720275485632,0.26612616834312525
mortality_to_incidence_age_standardized_ratio,ETS,9,2030,0.2607624480676396,-0.007155869583219357,0.25360657848442025
mortality_to_incidence_age_standardized_ratio,ETS,10,2024,0.25022788453575917,0.0006207815086269947,0.25084866604438616
mortality_to_incidence_age_standardized_ratio,ETS,10,2025,0.25022788453575917,-0.003824973183549096,0.24640291135221007
mortality_to_incidence_age_standardized_ratio,ETS,10,2026,0.25022788453575917,-0.0012668733257914433,0.24896101120996772
mortality_to_incidence_age_standardized_ratio,ETS,10,2027,0.25022788453575917,-0.005409328951888525,0.24481855558387064
mortality_to_incidence_age_standardized_ratio,ETS,10,2028,0.25022788453575917,-0.0016355264308482208,0.24859235810491095
mortality_to_incidence_age_standardized_ratio,ETS,10,2029,0.25022788453575917,-0.0017916294391429675,0.2484362550966162
mortality_to_incidence_age_standardized_ratio,ETS,10,2030,0.25022788453575917,-0.005914292011418694,0.24431359252434048
mortality_to_incidence_age_standardized_ratio,ETS,11,2024,0.21394750431575987,0.00218972963299337,0.21613723394875325
mortality_to_incidence_age_standardized_ratio,ETS,11,2025,0.21197215568537364,-0.0031613220560089807,0.20881083362936467
mortality_to_incidence_age_standardized_ratio,ETS,11,2026,0.20999680705498738,0.004955354497942788,0.21495216155293018
mortality_to_incidence_age_standardized_ratio,ETS,11,2027,0.20802145842460115,-0.005409328951888525,0.20261212947271262
mortality_to_incidence_age_standardized_ratio,ETS,11,2028,0.2060461097942149,-0.0060478136245402155,0.19999829616967468
mortality_to_incidence_age_standardized_ratio,ETS,11,2029,0.20407076116382863,-0.0066250478914955105,0.19744571327233312
mortality_to_incidence_age_standardized_ratio,ETS,11,2030,0.2020954125334424,-0.0019351809704532465,0.20016023156298915
mortality_to_incidence_age_standardized_ratio,ETS,12,2024,0.23425078506076485,0.0006207815086269947,0.23487156656939184
mortality_to_incidence_age_standardized_ratio,ETS,12,2025,0.2326281254217186,-0.003824973183549096,0.2288031522381695
mortality_to_incidence_age_standardized_ratio,ETS,12,2026,0.23100546578267234,-0.004684616289762114,0.22632084949291023
mortality_to_incidence_age_standardized_ratio,ETS,12,2027,0.22938280614362608,0.00437945926598674,0.2337622654096128
mortality_to_incidence_age_standardized_ratio,ETS,12,2028,0.22776014650457982,-0.004998489057157385,0.22276165744742243
mortality_to_incidence_age_standardized_ratio,ETS,12,2029,0.22613748686553356,0.005363720275485632,0.23150120714101918
mortality_to_incidence_age_standardized_ratio,ETS,12,2030,0.2245148272264873,-0.007155869583219357,0.21735895764326796
mortality_to_incidence_age_standardized_ratio,ETS,13,2024,0.23089077982560519,0.0006207815086269947,0.23151156133423217
mortality_to_incidence_age_standardized_ratio,ETS,13,2025,0.2293184541334502,-0.003824973183549096,0.2254934809499011
mortality_to_incidence_age_standardized_ratio,ETS,13,2026,0.22774612844129521,0.001075225113341212,0.22882135355463643
mortality_to_incidence_age_standardized_ratio,ETS,13,2027,0.22617380274914023,0.005721950506634583,0.2318957532557748
mortality_to_incidence_age_standardized_ratio,ETS,13,2028,0.22460147705698524,-0.0060478136245402155,0.21855366343244503
mortality_to_incidence_age_standardized_ratio,ETS,13,2029,0.22302915136483026,0.005363720275485632,0.22839287164031588
mortality_to_incidence_age_standardized_ratio,ETS,13,2030,0.22145682567267527,0.0016424334903345258,0.2230992591630098
mortality_to_incidence_age_standardized_ratio,ETS,14,2024,0.2175927154194211,0.0006207815086269947,0.2182134969280481
mortality_to_incidence_age_standardized_ratio,ETS,14,2025,0.21493387659350993,-0.0010343977389772505,0.21389947885453267
mortality_to_incidence_age_standardized_ratio,ETS,14,2026,0.21227503776759876,0.004955354497942788,0.21723039226554156
mortality_to_incidence_age_standardized_ratio,ETS,14,2027,0.20961619894168762,0.00437945926598674,0.21399565820767436
mortality_to_incidence_age_standardized_ratio,ETS,14,2028,0.20695736011577645,-0.0016355264308482208,0.20532183368492823
mortality_to_incidence_age_standardized_ratio,ETS,14,2029,0.20429852128986528,-0.0017916294391429675,0.20250689185072232
mortality_to_incidence_age_standardized_ratio,ETS,14,2030,0.2016396824639541,0.0016424334903345258,0.20328211595428863
mortality_to_incidence_age_standardized_ratio,ETS,15,2024,0.18507859978548558,-0.0022353922633185494,0.18284320752216704
mortality_to_incidence_age_standardized_ratio,ETS,15,2025,0.18180399927741314,-0.0031613220560089807,0.17864267722140417
mortality_to_incidence_age_standardized_ratio,ETS,15,2026,0.17852939876934074,-0.003871812974914113,0.1746575857944266
mortality_to_incidence_age_standardized_ratio,ETS,15,2027,0.17525479826126833,0.005721950506634583,0.1809767487679029
mortality_to_incidence_age_standardized_ratio,ETS,15,2028,0.17198019775319592,0.0013881096524648322,0.17336830740566075
mortality_to_incidence_age_standardized_ratio,ETS,15,2029,0.16870559724512352,0.0070079295373572095,0.17571352678248073
mortality_to_incidence_age_standardized_ratio,ETS,15,2030,0.16543099673705108,0.005793480047369194,0.17122447678442027
mortality_to_incidence_age_standardized_ratio,ETS,16,2024,0.20253053330280704,0.0028609752533172916,0.20539150855612434
mortality_to_incidence_age_standardized_ratio,ETS,16,2025,0.19947484120780262,0.0040460300048551145,0.20352087121265774
mortality_to_incidence_age_standardized_ratio,ETS,16,2026,0.19641914911279817,-0.0012668733257914433,0.19515227578700672
mortality_to_incidence_age_standardized_ratio,ETS,16,2027,0.19336345701779376,0.0012415630172539895,0.19460502003504773
mortality_to_incidence_age_standardized_ratio,ETS,16,2028,0.19030776492278934,0.006397335148362144,0.19670510007115147
mortality_to_incidence_age_standardized_ratio,ETS,16,2029,0.18725207282778492,-0.0017916294391429675,0.18546044338864195
mortality_to_incidence_age_standardized_ratio,ETS,16,2030,0.1841963807327805,0.0016424334903345258,0.18583881422311502
mortality_to_incidence_age_standardized_ratio,ETS,17,2024,0.2555855671662634,-0.0007314296556748463,0.25485413751058855
mortality_to_incidence_age_standardized_ratio,ETS,17,2025,0.2555855671662634,-0.003824973183549096,0.25176059398271433
mortality_to_incidence_age_standardized_ratio,ETS,17,2026,0.2555855671662634,0.0037927229791836674,0.25937829014544705
mortality_to_incidence_age_standardized_ratio,ETS,17,2027,0.2555855671662634,-0.0014628593113496925,0.2541227078549137
mortality_to_incidence_age_standardized_ratio,ETS,17,2028,0.2555855671662634,-0.0060478136245402155,0.2495377535417232
mortality_to_incidence_age_standardized_ratio,ETS,17,2029,0.2555855671662634,0.0070079295373572095,0.2625934967036206
mortality_to_incidence_age_standardized_ratio,ETS,17,2030,0.2555855671662634,0.005793480047369194,0.2613790472136326
mortality_to_incidence_age_standardized_ratio,ETS,18,2024,0.21064479897373667,-0.0007314296556748463,0.20991336931806182
mortality_to_incidence_age_standardized_ratio,ETS,18,2025,0.20845982501275956,0.0040460300048551145,0.21250585501761468
mortality_to_incidence_age_standardized_ratio,ETS,18,2026,0.20627485105178245,-0.0012668733257914433,0.205007977725991
mortality_to_incidence_age_standardized_ratio,ETS,18,2027,0.20408987709080534,-0.004470784526637099,0.19961909256416824
mortality_to_incidence_age_standardized_ratio,ETS,18,2028,0.20190490312982826,-0.0060478136245402155,0.19585708950528805
mortality_to_incidence_age_standardized_ratio,ETS,18,2029,0.19971992916885115,0.0070079295373572095,0.20672785870620836
mortality_to_incidence_age_standardized_ratio,ETS,18,2030,0.19753495520787404,-0.007155869583219357,0.19037908562465466
mortality_to_incidence_age_standardized_ratio,ETS,19,2024,0.2500809498327407,-0.0027046644759442626,0.24737628535679645
mortality_to_incidence_age_standardized_ratio,ETS,19,2025,0.2500809498327407,-0.0031613220560089807,0.24691962777673174
mortality_to_incidence_age_standardized_ratio,ETS,19,2026,0.2500809498327407,0.0037927229791836674,0.25387367281192436
mortality_to_incidence_age_standardized_ratio,ETS,19,2027,0.2500809498327407,0.005721950506634583,0.2558029003393753
mortality_to_incidence_age_standardized_ratio,ETS,19,2028,0.2500809498327407,0.0013881096524648322,0.25146905948520554
mortality_to_incidence_age_standardized_ratio,ETS,19,2029,0.2500809498327407,-0.0066250478914955105,0.2434559019412452
mortality_to_incidence_age_standardized_ratio,ETS,19,2030,0.2500809498327407,0.007569429027387573,0.25765037886012826
mortality_to_incidence_age_standardized_ratio,ETS,20,2024,0.26536676172923596,-0.0007314296556748463,0.2646353320735611
mortality_to_incidence_age_standardized_ratio,ETS,20,2025,0.26536676172923596,-0.0031613220560089807,0.26220543967322696
mortality_to_incidence_age_standardized_ratio,ETS,20,2026,0.26536676172923596,-0.004684616289762114,0.2606821454394738
mortality_to_incidence_age_standardized_ratio,ETS,20,2027,0.26536676172923596,-0.005409328951888525,0.25995743277734745
mortality_to_incidence_age_standardized_ratio,ETS,20,2028,0.26536676172923596,-0.004998489057157385,0.26036827267207857
mortality_to_incidence_age_standardized_ratio,ETS,20,2029,0.26536676172923596,-0.0066250478914955105,0.2587417138377405
mortality_to_incidence_age_standardized_ratio,ETS,20,2030,0.26536676172923596,-0.007155869583219357,0.2582108921460166
mortality_to_incidence_age_standardized_ratio,ETS,21,2024,0.214423456303624,-0.0007314296556748463,0.21369202664794915
mortality_to_incidence_age_standardized_ratio,ETS,21,2025,0.2119396303837098,0.0030967453449094835,0.21503637572861928
mortality_to_incidence_age_standardized_ratio,ETS,21,2026,0.20945580446379564,-0.003871812974914113,0.2055839914888815
mortality_to_incidence_age_standardized_ratio,ETS,21,2027,0.20697197854388147,0.005721950506634583,0.21269392905051604
mortality_to_incidence_age_standardized_ratio,ETS,21,2028,0.20448815262396727,-0.004998489057157385,0.1994896635668099
mortality_to_incidence_age_standardized_ratio,ETS,21,2029,0.2020043267040531,-0.0017916294391429675,0.20021269726491014
mortality_to_incidence_age_standardized_ratio,ETS,21,2030,0.19952050078413894,-0.0019351809704532465,0.19758531981368568
mortality_to_incidence_age_standardized_ratio,ETS,22,2024,0.20032750937404442,-0.0022353922633185494,0.19809211711072588
mortality_to_incidence_age_standardized_ratio,ETS,22,2025,0.1978961587683068,-0.0010343977389772505,0.19686176102932954
mortality_to_incidence_age_standardized_ratio,ETS,22,2026,0.19546480816256917,0.004955354497942788,0.20042016266051196
mortality_to_incidence_age_standardized_ratio,ETS,22,2027,0.19303345755683157,0.005721950506634583,0.19875540806346614
mortality_to_incidence_age_standardized_ratio,ETS,22,2028,0.19060210695109395,-0.0060478136245402155,0.18455429332655374
mortality_to_incidence_age_standardized_ratio,ETS,22,2029,0.18817075634535632,-0.0066250478914955105,0.1815457084538608
mortality_to_incidence_age_standardized_ratio,ETS,22,2030,0.1857394057396187,-0.0019351809704532465,0.18380422476916544
mortality_to_incidence_age_standardized_ratio,ETS,23,2024,0.20918910939337468,0.0028609752533172916,0.21205008464669198
mortality_to_incidence_age_standardized_ratio,ETS,23,2025,0.20918910939337468,0.0030967453449094835,0.21228585473828415
mortality_to_incidence_age_standardized_ratio,ETS,23,2026,0.20918910939337468,0.001075225113341212,0.2102643345067159
mortality_to_incidence_age_standardized_ratio,ETS,23,2027,0.20918910939337468,-0.005409328951888525,0.20377978044148615
mortality_to_incidence_age_standardized_ratio,ETS,23,2028,0.20918910939337468,-0.0060478136245402155,0.20314129576883447
mortality_to_incidence_age_standardized_ratio,ETS,23,2029,0.20918910939337468,-0.0066250478914955105,0.20256406150187917
mortality_to_incidence_age_standardized_ratio,ETS,23,2030,0.20918910939337468,-0.005914292011418694,0.203274817381956
mortality_to_incidence_age_standardized_ratio,ETS,24,2024,0.25800000462571443,-0.0007314296556748463,0.2572685749700396
mortality_to_incidence_age_standardized_ratio,ETS,24,2025,0.25800000462571443,-0.0031613220560089807,0.25483868256970543
mortality_to_incidence_age_standardized_ratio,ETS,24,2026,0.25800000462571443,-0.0012668733257914433,0.256733131299923
mortality_to_incidence_age_standardized_ratio,ETS,24,2027,0.25800000462571443,-0.005409328951888525,0.2525906756738259
mortality_to_incidence_age_standardized_ratio,ETS,24,2028,0.25800000462571443,-0.0060478136245402155,0.2519521910011742
mortality_to_incidence_age_standardized_ratio,ETS,24,2029,0.25800000462571443,-0.0066250478914955105,0.25137495673421895
mortality_to_incidence_age_standardized_ratio,ETS,24,2030,0.25800000462571443,-0.007155869583219357,0.2508441350424951
mortality_to_incidence_age_standardized_ratio,ETS,25,2024,0.19841983877203484,0.0028609752533172916,0.20128081402535214
mortality_to_incidence_age_standardized_ratio,ETS,25,2025,0.1958712341003176,-0.0031613220560089807,0.19270991204430862
mortality_to_incidence_age_standardized_ratio,ETS,25,2026,0.19332262942860037,0.001075225113341212,0.19439785454194158
mortality_to_incidence_age_standardized_ratio,ETS,25,2027,0.19077402475688313,-0.005409328951888525,0.1853646958049946
mortality_to_incidence_age_standardized_ratio,ETS,25,2028,0.18822542008516588,-0.0060478136245402155,0.18217760646062567
mortality_to_incidence_age_standardized_ratio,ETS,25,2029,0.18567681541344863,-0.005475570420095659,0.18020124499335297
mortality_to_incidence_age_standardized_ratio,ETS,25,2030,0.1831282107417314,0.0016424334903345258,0.18477064423206593
mortality_to_incidence_age_standardized_ratio,ETS,26,2024,0.2109934331100675,0.00218972963299337,0.21318316274306087
mortality_to_incidence_age_standardized_ratio,ETS,26,2025,0.2109934331100675,0.0040460300048551145,0.2150394631149226
mortality_to_incidence_age_standardized_ratio,ETS,26,2026,0.2109934331100675,-0.004684616289762114,0.20630881682030539
mortality_to_incidence_age_standardized_ratio,ETS,26,2027,0.2109934331100675,-0.0014628593113496925,0.2095305737987178
mortality_to_incidence_age_standardized_ratio,ETS,26,2028,0.2109934331100675,-0.0016355264308482208,0.20935790667921927
mortality_to_incidence_age_standardized_ratio,ETS,26,2029,0.2109934331100675,-0.0017916294391429675,0.20920180367092453
mortality_to_incidence_age_standardized_ratio,ETS,26,2030,0.2109934331100675,-0.0019351809704532465,0.20905825213961424
mortality_to_incidence_age_standardized_ratio,ETS,27,2024,0.2533454970247535,-0.0007314296556748463,0.25261406736907865
mortality_to_incidence_age_standardized_ratio,ETS,27,2025,0.2533454970247535,-0.0010343977389772505,0.2523110992857763
mortality_to_incidence_age_standardized_ratio,ETS,27,2026,0.2533454970247535,-0.0012668733257914433,0.25207862369896206
mortality_to_incidence_age_standardized_ratio,ETS,27,2027,0.2533454970247535,-0.0014628593113496925,0.2518826377134038
mortality_to_incidence_age_standardized_ratio,ETS,27,2028,0.2533454970247535,-0.0060478136245402155,0.2472976834002133
mortality_to_incidence_age_standardized_ratio,ETS,27,2029,0.2533454970247535,0.0015205979378912903,0.2548660949626448
mortality_to_incidence_age_standardized_ratio,ETS,27,2030,0.2533454970247535,0.0016424334903345258,0.25498793051508806
mortality_to_incidence_age_standardized_ratio,ETS,28,2024,0.2128614179822598,-0.0022353922633185494,0.21062602571894126
mortality_to_incidence_age_standardized_ratio,ETS,28,2025,0.2128614179822598,-0.003824973183549096,0.2090364447987107
mortality_to_incidence_age_standardized_ratio,ETS,28,2026,0.2128614179822598,-0.004684616289762114,0.2081768016924977
mortality_to_incidence_age_standardized_ratio,ETS,28,2027,0.2128614179822598,-0.0014628593113496925,0.21139855867091012
mortality_to_incidence_age_standardized_ratio,ETS,28,2028,0.2128614179822598,0.0013881096524648322,0.21424952763472463
mortality_to_incidence_age_standardized_ratio,ETS,28,2029,0.2128614179822598,-0.0066250478914955105,0.2062363700907643
mortality_to_incidence_age_standardized_ratio,ETS,28,2030,0.2128614179822598,-0.007155869583219357,0.20570554839904043
mortality_to_incidence_age_standardized_ratio,ETS,29,2024,0.21618215787368653,0.0028609752533172916,0.21904313312700383
mortality_to_incidence_age_standardized_ratio,ETS,29,2025,0.2141400588590539,0.0008779176287707263,0.21501797648782464
mortality_to_incidence_age_standardized_ratio,ETS,29,2026,0.21209795984442126,0.0037927229791836674,0.21589068282360493
mortality_to_incidence_age_standardized_ratio,ETS,29,2027,0.21005586082978864,0.0012415630172539895,0.21129742384704261
mortality_to_incidence_age_standardized_ratio,ETS,29,2028,0.20801376181515602,0.004896384311718841,0.21291014612687487
mortality_to_incidence_age_standardized_ratio,ETS,29,2029,0.2059716628005234,-0.005475570420095659,0.20049609238042773
mortality_to_incidence_age_standardized_ratio,ETS,29,2030,0.20392956378589078,0.005793480047369194,0.20972304383325996
mortality_to_incidence_age_standardized_ratio,ETS,30,2024,0.24685136121262846,-0.0027046644759442626,0.2441466967366842
mortality_to_incidence_age_standardized_ratio,ETS,30,2025,0.24685136121262846,0.0030967453449094835,0.24994810655753794
mortality_to_incidence_age_standardized_ratio,ETS,30,2026,0.24685136121262846,0.001075225113341212,0.24792658632596967
mortality_to_incidence_age_standardized_ratio,ETS,30,2027,0.24685136121262846,0.00437945926598674,0.2512308204786152
mortality_to_incidence_age_standardized_ratio,ETS,30,2028,0.24685136121262846,0.004896384311718841,0.2517477455243473
mortality_to_incidence_age_standardized_ratio,ETS,30,2029,0.24685136121262846,0.005363720275485632,0.2522150814881141
mortality_to_incidence_age_standardized_ratio,ETS,30,2030,0.24685136121262846,-0.007155869583219357,0.23969549162940912
mortality_to_incidence_age_standardized_ratio,ETS,31,2024,0.2359103262890104,0.0006207815086269947,0.2365311077976374
mortality_to_incidence_age_standardized_ratio,ETS,31,2025,0.2359103262890104,-0.0031613220560089807,0.23274900423300143
mortality_to_incidence_age_standardized_ratio,ETS,31,2026,0.2359103262890104,0.001075225113341212,0.2369855514023516
mortality_to_incidence_age_standardized_ratio,ETS,31,2027,0.2359103262890104,0.0012415630172539895,0.23715188930626438
mortality_to_incidence_age_standardized_ratio,ETS,31,2028,0.2359103262890104,0.006397335148362144,0.24230766143737253
mortality_to_incidence_age_standardized_ratio,ETS,31,2029,0.2359103262890104,0.005363720275485632,0.24127404656449603
mortality_to_incidence_age_standardized_ratio,ETS,31,2030,0.2359103262890104,-0.007155869583219357,0.22875445670579103
mortality_to_incidence_age_standardized_ratio,ETS,32,2024,0.22306896510408186,-0.0027046644759442626,0.2203643006281376
mortality_to_incidence_age_standardized_ratio,ETS,32,2025,0.22106855015325322,-0.0010343977389772505,0.22003415241427596
mortality_to_incidence_age_standardized_ratio,ETS,32,2026,0.2190681352024246,0.004955354497942788,0.2240234897003674
mortality_to_incidence_age_standardized_ratio,ETS,32,2027,0.21706772025159599,0.0012415630172539895,0.21830928326884996
mortality_to_incidence_age_standardized_ratio,ETS,32,2028,0.21506730530076734,0.004896384311718841,0.2199636896124862
mortality_to_incidence_age_standardized_ratio,ETS,32,2029,0.21306689034993873,0.0070079295373572095,0.22007481988729594
mortality_to_incidence_age_standardized_ratio,ETS,32,2030,0.2110664753991101,-0.007155869583219357,0.20391060581589077
mortality_to_incidence_age_standardized_ratio,ETS,33,2024,0.21315218327597418,0.0028609752533172916,0.21601315852929148
mortality_to_incidence_age_standardized_ratio,ETS,33,2025,0.21087036585912047,-0.003824973183549096,0.20704539267557137
mortality_to_incidence_age_standardized_ratio,ETS,33,2026,0.20858854844226676,-0.004684616289762114,0.20390393215250466
mortality_to_incidence_age_standardized_ratio,ETS,33,2027,0.20630673102541305,-0.005409328951888525,0.20089740207352452
mortality_to_incidence_age_standardized_ratio,ETS,33,2028,0.20402491360855934,0.006397335148362144,0.21042224875692148
mortality_to_incidence_age_standardized_ratio,ETS,33,2029,0.20174309619170563,0.0070079295373572095,0.20875102572906284
mortality_to_incidence_age_standardized_ratio,ETS,33,2030,0.19946127877485192,-0.005914292011418694,0.19354698676343324
mortality_to_incidence_age_standardized_ratio,ETS,34,2024,0.21767791689823315,-0.0027046644759442626,0.2149732524222889
mortality_to_incidence_age_standardized_ratio,ETS,34,2025,0.21601931142855993,-0.0031613220560089807,0.21285798937255096
mortality_to_incidence_age_standardized_ratio,ETS,34,2026,0.21436070595888673,-0.004684616289762114,0.20967608966912463
mortality_to_incidence_age_standardized_ratio,ETS,34,2027,0.2127021004892135,-0.0014628593113496925,0.21123924117786383
mortality_to_incidence_age_standardized_ratio,ETS,34,2028,0.21104349501954028,-0.0060478136245402155,0.20499568139500007
mortality_to_incidence_age_standardized_ratio,ETS,34,2029,0.20938488954986706,0.0070079295373572095,0.21639281908722427
mortality_to_incidence_age_standardized_ratio,ETS,34,2030,0.20772628408019383,0.005793480047369194,0.21351976412756302
mortality_to_incidence_age_standardized_ratio,ETS,35,2024,0.2038461250296634,0.0028609752533172916,0.2067071002829807
mortality_to_incidence_age_standardized_ratio,ETS,35,2025,0.2016222400665804,-0.003824973183549096,0.1977972668830313
mortality_to_incidence_age_standardized_ratio,ETS,35,2026,0.1993983551034974,-0.0012668733257914433,0.19813148177770595
mortality_to_incidence_age_standardized_ratio,ETS,35,2027,0.1971744701404144,-0.004470784526637099,0.1927036856137773
mortality_to_incidence_age_standardized_ratio,ETS,35,2028,0.1949505851773314,-0.0060478136245402155,0.1889027715527912
mortality_to_incidence_age_standardized_ratio,ETS,35,2029,0.19272670021424843,0.005363720275485632,0.19809042048973405
mortality_to_incidence_age_standardized_ratio,ETS,35,2030,0.1905028152511654,-0.007155869583219357,0.18334694566794607
mortality_to_incidence_age_standardized_ratio,ETS,36,2024,0.24287410213287294,0.00218972963299337,0.24506383176586632
mortality_to_incidence_age_standardized_ratio,ETS,36,2025,0.24287410213287294,0.0040460300048551145,0.24692013213772807
mortality_to_incidence_age_standardized_ratio,ETS,36,2026,0.24287410213287294,-0.004684616289762114,0.23818948584311084
mortality_to_incidence_age_standardized_ratio,ETS,36,2027,0.24287410213287294,0.0012415630172539895,0.24411566515012692
mortality_to_incidence_age_standardized_ratio,ETS,36,2028,0.24287410213287294,0.006397335148362144,0.24927143728123508
mortality_to_incidence_age_standardized_ratio,ETS,36,2029,0.24287410213287294,0.005363720275485632,0.24823782240835857
mortality_to_incidence_age_standardized_ratio,ETS,36,2030,0.24287410213287294,-0.0019351809704532465,0.2409389211624197
mortality_to_incidence_age_standardized_ratio,ETS,37,2024,0.2013466546846699,-0.0022353922633185494,0.19911126242135135
mortality_to_incidence_age_standardized_ratio,ETS,37,2025,0.19872978437213248,0.0030967453449094835,0.20182652971704196
mortality_to_incidence_age_standardized_ratio,ETS,37,2026,0.19611291405959505,0.004955354497942788,0.20106826855753784
mortality_to_incidence_age_standardized_ratio,ETS,37,2027,0.19349604374705764,0.005721950506634583,0.19921799425369222
mortality_to_incidence_age_standardized_ratio,ETS,37,2028,0.1908791734345202,-0.0016355264308482208,0.189243647003672
mortality_to_incidence_age_standardized_ratio,ETS,37,2029,0.1882623031219828,-0.0066250478914955105,0.1816372552304873
mortality_to_incidence_age_standardized_ratio,ETS,37,2030,0.18564543280944537,0.007569429027387573,0.19321486183683295
mortality_to_incidence_age_standardized_ratio,ETS,38,2024,0.22641207348297532,0.00218972963299337,0.2286018031159687
mortality_to_incidence_age_standardized_ratio,ETS,38,2025,0.22515443440258556,-0.0010343977389772505,0.2241200366636083
mortality_to_incidence_age_standardized_ratio,ETS,38,2026,0.22389679532219584,0.004955354497942788,0.22885214982013863
mortality_to_incidence_age_standardized_ratio,ETS,38,2027,0.2226391562418061,-0.0014628593113496925,0.22117629693045643
mortality_to_incidence_age_standardized_ratio,ETS,38,2028,0.22138151716141638,0.006397335148362144,0.2277788523097785
mortality_to_incidence_age_standardized_ratio,ETS,38,2029,0.22012387808102662,0.005363720275485632,0.22548759835651225
mortality_to_incidence_age_standardized_ratio,ETS,38,2030,0.2188662390006369,-0.007155869583219357,0.21171036941741755
mortality_to_incidence_age_standardized_ratio,ETS,39,2024,0.21345167964703785,0.0028609752533172916,0.21631265490035514
mortality_to_incidence_age_standardized_ratio,ETS,39,2025,0.21084799339602775,-0.003824973183549096,0.20702302021247865
mortality_to_incidence_age_standardized_ratio,ETS,39,2026,0.20824430714501768,0.004955354497942788,0.21319966164296048
mortality_to_incidence_age_standardized_ratio,ETS,39,2027,0.20564062089400761,0.0012415630172539895,0.2068821839112616
mortality_to_incidence_age_standardized_ratio,ETS,39,2028,0.20303693464299752,-0.0016355264308482208,0.2014014082121493
mortality_to_incidence_age_standardized_ratio,ETS,39,2029,0.20043324839198745,0.0070079295373572095,0.20744117792934466
mortality_to_incidence_age_standardized_ratio,ETS,39,2030,0.19782956214097738,-0.005914292011418694,0.1919152701295587
mortality_to_incidence_age_standardized_ratio,ETS,40,2024,0.19841960805934922,-0.0022353922633185494,0.19618421579603068
mortality_to_incidence_age_standardized_ratio,ETS,40,2025,0.19611029894237345,-0.0031613220560089807,0.19294897688636448
mortality_to_incidence_age_standardized_ratio,ETS,40,2026,0.19380098982539767,-0.0012668733257914433,0.19253411649960622
mortality_to_incidence_age_standardized_ratio,ETS,40,2027,0.19149168070842193,-0.0014628593113496925,0.19002882139707225
mortality_to_incidence_age_standardized_ratio,ETS,40,2028,0.18918237159144616,0.004896384311718841,0.194078755903165
mortality_to_incidence_age_standardized_ratio,ETS,40,2029,0.18687306247447039,0.0070079295373572095,0.1938809920118276
mortality_to_incidence_age_standardized_ratio,ETS,40,2030,0.18456375335749461,-0.007155869583219357,0.17740788377427524
mortality_to_incidence_age_standardized_ratio,ETS,41,2024,0.2094194504849796,-0.0027046644759442626,0.20671478600903534
mortality_to_incidence_age_standardized_ratio,ETS,41,2025,0.20683275019324573,-0.0010343977389772505,0.20579835245426847
mortality_to_incidence_age_standardized_ratio,ETS,41,2026,0.2042460499015119,-0.0012668733257914433,0.20297917657572045
mortality_to_incidence_age_standardized_ratio,ETS,41,2027,0.20165934960977805,-0.005409328951888525,0.19625002065788952
mortality_to_incidence_age_standardized_ratio,ETS,41,2028,0.1990726493180442,0.004896384311718841,0.20396903362976304
mortality_to_incidence_age_standardized_ratio,ETS,41,2029,0.19648594902631034,0.005363720275485632,0.20184966930179596
mortality_to_incidence_age_standardized_ratio,ETS,41,2030,0.1938992487345765,0.007569429027387573,0.2014686777619641
mortality_to_incidence_age_standardized_ratio,ETS,42,2024,0.23570295169677297,0.0006207815086269947,0.23632373320539996
mortality_to_incidence_age_standardized_ratio,ETS,42,2025,0.23570295169677297,-0.0031613220560089807,0.232541629640764
mortality_to_incidence_age_standardized_ratio,ETS,42,2026,0.23570295169677297,-0.003871812974914113,0.23183113872185884
mortality_to_incidence_age_standardized_ratio,ETS,42,2027,0.23570295169677297,-0.005409328951888525,0.23029362274488444
mortality_to_incidence_age_standardized_ratio,ETS,42,2028,0.23570295169677297,-0.0016355264308482208,0.23406742526592475
mortality_to_incidence_age_standardized_ratio,ETS,42,2029,0.23570295169677297,-0.0017916294391429675,0.23391132225763
mortality_to_incidence_age_standardized_ratio,ETS,42,2030,0.23570295169677297,0.007569429027387573,0.24327238072416055
mortality_to_incidence_age_standardized_ratio,ETS,43,2024,0.2155994826835192,-0.0007314296556748463,0.21486805302784434
mortality_to_incidence_age_standardized_ratio,ETS,43,2025,0.21387861158774935,0.0040460300048551145,0.21792464159260447
mortality_to_incidence_age_standardized_ratio,ETS,43,2026,0.21215774049197952,0.001075225113341212,0.21323296560532073
mortality_to_incidence_age_standardized_ratio,ETS,43,2027,0.21043686939620967,-0.0014628593113496925,0.20897401008486
mortality_to_incidence_age_standardized_ratio,ETS,43,2028,0.20871599830043983,-0.0060478136245402155,0.20266818467589962
mortality_to_incidence_age_standardized_ratio,ETS,43,2029,0.20699512720466998,-0.005475570420095659,0.2015195567845743
mortality_to_incidence_age_standardized_ratio,ETS,43,2030,0.20527425610890013,0.005793480047369194,0.2110677361562693
mortality_to_incidence_age_standardized_ratio,ETS,44,2024,0.2322923952060799,0.00218972963299337,0.23448212483907327
mortality_to_incidence_age_standardized_ratio,ETS,44,2025,0.23050603030405123,-0.0031613220560089807,0.22734470824804226
mortality_to_incidence_age_standardized_ratio,ETS,44,2026,0.22871966540202257,0.0037927229791836674,0.23251238838120625
mortality_to_incidence_age_standardized_ratio,ETS,44,2027,0.22693330049999388,0.0012415630172539895,0.22817486351724786
mortality_to_incidence_age_standardized_ratio,ETS,44,2028,0.22514693559796523,0.004896384311718841,0.23004331990968407
mortality_to_incidence_age_standardized_ratio,ETS,44,2029,0.22336057069593657,0.0070079295373572095,0.23036850023329378
mortality_to_incidence_age_standardized_ratio,ETS,44,2030,0.2215742057939079,-0.0019351809704532465,0.21963902482345465
mortality_to_incidence_age_standardized_ratio,ETS,45,2024,0.20037929337457874,0.00218972963299337,0.20256902300757212
mortality_to_incidence_age_standardized_ratio,ETS,45,2025,0.19774169330730382,-0.003824973183549096,0.19391672012375472
mortality_to_incidence_age_standardized_ratio,ETS,45,2026,0.19510409324002892,0.004955354497942788,0.2000594477379717
mortality_to_incidence_age_standardized_ratio,ETS,45,2027,0.19246649317275402,0.00437945926598674,0.19684595243874076
mortality_to_incidence_age_standardized_ratio,ETS,45,2028,0.18982889310547912,0.004896384311718841,0.19472527741719797
mortality_to_incidence_age_standardized_ratio,ETS,45,2029,0.1871912930382042,0.0070079295373572095,0.1941992225755614
mortality_to_incidence_age_standardized_ratio,ETS,45,2030,0.1845536929709293,0.007569429027387573,0.19212312199831688
mortality_to_incidence_age_standardized_ratio,ETS,46,2024,0.24715033637145387,0.00218972963299337,0.24934006600444725
mortality_to_incidence_age_standardized_ratio,ETS,46,2025,0.24715033637145387,-0.0031613220560089807,0.2439890143154449
mortality_to_incidence_age_standardized_ratio,ETS,46,2026,0.24715033637145387,0.0037927229791836674,0.25094305935063754
mortality_to_incidence_age_standardized_ratio,ETS,46,2027,0.24715033637145387,0.0012415630172539895,0.24839189938870784
mortality_to_incidence_age_standardized_ratio,ETS,46,2028,0.24715033637145387,0.006397335148362144,0.253547671519816
mortality_to_incidence_age_standardized_ratio,ETS,46,2029,0.24715033637145387,-0.0017916294391429675,0.2453587069323109
mortality_to_incidence_age_standardized_ratio,ETS,46,2030,0.24715033637145387,-0.0019351809704532465,0.2452151554010006
mortality_to_incidence_age_standardized_ratio,ETS,47,2024,0.2217067460982453,0.00218972963299337,0.2238964757312387
mortality_to_incidence_age_standardized_ratio,ETS,47,2025,0.22007564238281627,-0.0010343977389772505,0.219041244643839
mortality_to_incidence_age_standardized_ratio,ETS,47,2026,0.21844453866738725,-0.0012668733257914433,0.2171776653415958
mortality_to_incidence_age_standardized_ratio,ETS,47,2027,0.21681343495195823,-0.005409328951888525,0.2114041060000697
mortality_to_incidence_age_standardized_ratio,ETS,47,2028,0.21518233123652922,0.0013881096524648322,0.21657044088899405
mortality_to_incidence_age_standardized_ratio,ETS,47,2029,0.21355122752110017,0.0015205979378912903,0.21507182545899145
mortality_to_incidence_age_standardized_ratio,ETS,47,2030,0.21192012380567116,0.005793480047369194,0.21771360385304034
mortality_to_incidence_age_standardized_ratio,ETS,48,2024,0.25530206716477716,-0.0027046644759442626,0.2525974026888329
mortality_to_incidence_age_standardized_ratio,ETS,48,2025,0.25530206716477716,-0.0031613220560089807,0.25214074510876816
mortality_to_incidence_age_standardized_ratio,ETS,48,2026,0.25530206716477716,0.001075225113341212,0.2563772922781184
mortality_to_incidence_age_standardized_ratio,ETS,48,2027,0.25530206716477716,0.0012415630172539895,0.25654363018203113
mortality_to_incidence_age_standardized_ratio,ETS,48,2028,0.25530206716477716,-0.0016355264308482208,0.2536665407339289
mortality_to_incidence_age_standardized_ratio,ETS,48,2029,0.25530206716477716,0.0015205979378912903,0.25682266510266843
mortality_to_incidence_age_standardized_ratio,ETS,48,2030,0.25530206716477716,0.005793480047369194,0.26109554721214634
mortality_to_incidence_age_standardized_ratio,ETS,49,2024,0.25727258233503,0.0006207815086269947,0.25789336384365696
mortality_to_incidence_age_standardized_ratio,ETS,49,2025,0.25727258233503,0.0008779176287707263,0.2581504999638007
mortality_to_incidence_age_standardized_ratio,ETS,49,2026,0.25727258233503,-0.003871812974914113,0.25340076936011585
mortality_to_incidence_age_standardized_ratio,ETS,49,2027,0.25727258233503,0.005721950506634583,0.2629945328416646
mortality_to_incidence_age_standardized_ratio,ETS,49,2028,0.25727258233503,0.006397335148362144,0.26366991748339214
mortality_to_incidence_age_standardized_ratio,ETS,49,2029,0.25727258233503,0.0070079295373572095,0.26428051187238716
mortality_to_incidence_age_standardized_ratio,ETS,49,2030,0.25727258233503,-0.005914292011418694,0.2513582903236113
mortality_to_incidence_age_standardized_ratio,ETS,50,2024,0.1933397596469755,-0.0027046644759442626,0.19063509517103125
mortality_to_incidence_age_standardized_ratio,ETS,50,2025,0.19068913035022678,0.0008779176287707263,0.1915670479789975
mortality_to_incidence_age_standardized_ratio,ETS,50,2026,0.18803850105347808,0.0037927229791836674,0.19183122403266176
mortality_to_incidence_age_standardized_ratio,ETS,50,2027,0.18538787175672938,0.0012415630172539895,0.18662943477398336
mortality_to_incidence_age_standardized_ratio,ETS,50,2028,0.18273724245998066,0.0013881096524648322,0.1841253521124455
mortality_to_incidence_age_standardized_ratio,ETS,50,2029,0.18008661316323196,-0.0066250478914955105,0.17346156527173645
mortality_to_incidence_age_standardized_ratio,ETS,50,2030,0.17743598386648327,-0.007155869583219357,0.1702801142832639
mortality_to_incidence_age_standardized_ratio,ETS,51,2024,0.24230347979493908,0.0028609752533172916,0.24516445504825637
mortality_to_incidence_age_standardized_ratio,ETS,51,2025,0.24230347979493908,-0.0010343977389772505,0.24126908205596181
mortality_to_incidence_age_standardized_ratio,ETS,51,2026,0.24230347979493908,0.001075225113341212,0.24337870490828029
mortality_to_incidence_age_standardized_ratio,ETS,51,2027,0.24230347979493908,0.00437945926598674,0.2466829390609258
mortality_to_incidence_age_standardized_ratio,ETS,51,2028,0.24230347979493908,-0.0016355264308482208,0.24066795336409086
mortality_to_incidence_age_standardized_ratio,ETS,51,2029,0.24230347979493908,0.0015205979378912903,0.24382407773283035
mortality_to_incidence_age_standardized_ratio,ETS,51,2030,0.24230347979493908,0.005793480047369194,0.24809695984230826
mortality_to_incidence_age_standardized_ratio,ETS,52,2024,0.19781001039959606,-0.0027046644759442626,0.1951053459236518
mortality_to_incidence_age_standardized_ratio,ETS,52,2025,0.19781001039959606,0.0040460300048551145,0.20185604040445118
mortality_to_incidence_age_standardized_ratio,ETS,52,2026,0.19781001039959606,0.004955354497942788,0.20276536489753885
mortality_to_incidence_age_standardized_ratio,ETS,52,2027,0.19781001039959606,-0.004470784526637099,0.19333922587295896
mortality_to_incidence_age_standardized_ratio,ETS,52,2028,0.19781001039959606,0.006397335148362144,0.2042073455479582
mortality_to_incidence_age_standardized_ratio,ETS,52,2029,0.19781001039959606,0.005363720275485632,0.20317373067508168
mortality_to_incidence_age_standardized_ratio,ETS,52,2030,0.19781001039959606,0.0016424334903345258,0.19945244388993058
mortality_to_incidence_age_standardized_ratio,ETS,53,2024,0.22499130977166326,0.00218972963299337,0.22718103940465664
mortality_to_incidence_age_standardized_ratio,ETS,53,2025,0.22499130977166326,-0.003824973183549096,0.22116633658811416
mortality_to_incidence_age_standardized_ratio,ETS,53,2026,0.22499130977166326,-0.003871812974914113,0.22111949679674914
mortality_to_incidence_age_standardized_ratio,ETS,53,2027,0.22499130977166326,0.005721950506634583,0.23071326027829783
mortality_to_incidence_age_standardized_ratio,ETS,53,2028,0.22499130977166326,0.0013881096524648322,0.2263794194241281
mortality_to_incidence_age_standardized_ratio,ETS,53,2029,0.22499130977166326,-0.005475570420095659,0.2195157393515676
mortality_to_incidence_age_standardized_ratio,ETS,53,2030,0.22499130977166326,-0.005914292011418694,0.21907701776024457
mortality_to_incidence_age_standardized_ratio,ETS,54,2024,0.2135820425830302,-0.0007314296556748463,0.21285061292735535
mortality_to_incidence_age_standardized_ratio,ETS,54,2025,0.21156943594587485,0.0040460300048551145,0.21561546595072997
mortality_to_incidence_age_standardized_ratio,ETS,54,2026,0.2095568293087195,-0.003871812974914113,0.20568501633380537
mortality_to_incidence_age_standardized_ratio,ETS,54,2027,0.20754422267156414,0.0012415630172539895,0.20878578568881812
mortality_to_incidence_age_standardized_ratio,ETS,54,2028,0.20553161603440878,0.0013881096524648322,0.2069197256868736
mortality_to_incidence_age_standardized_ratio,ETS,54,2029,0.20351900939725343,-0.0017916294391429675,0.20172737995811046
mortality_to_incidence_age_standardized_ratio,ETS,54,2030,0.20150640276009807,0.005793480047369194,0.20729988280746725
mortality_to_incidence_age_standardized_ratio,ETS,55,2024,0.26293112933071644,-0.0022353922633185494,0.2606957370673979
mortality_to_incidence_age_standardized_ratio,ETS,55,2025,0.26293112933071644,-0.003824973183549096,0.25910615614716737
mortality_to_incidence_age_standardized_ratio,ETS,55,2026,0.26293112933071644,0.004955354497942788,0.2678864838286592
mortality_to_incidence_age_standardized_ratio,ETS,55,2027,0.26293112933071644,0.005721950506634583,0.26865307983735104
mortality_to_incidence_age_standardized_ratio,ETS,55,2028,0.26293112933071644,-0.004998489057157385,0.25793264027355906
mortality_to_incidence_age_standardized_ratio,ETS,55,2029,0.26293112933071644,-0.0066250478914955105,0.25630608143922096
mortality_to_incidence_age_standardized_ratio,ETS,55,2030,0.26293112933071644,0.005793480047369194,0.2687246093780856
mortality_to_incidence_age_standardized_ratio,ETS,56,2024,0.1960085133443561,-0.0027046644759442626,0.19330384886841184
mortality_to_incidence_age_standardized_ratio,ETS,56,2025,0.19349800002854842,-0.0031613220560089807,0.19033667797253945
mortality_to_incidence_age_standardized_ratio,ETS,56,2026,0.19098748671274074,0.004955354497942788,0.19594284121068353
mortality_to_incidence_age_standardized_ratio,ETS,56,2027,0.18847697339693306,-0.005409328951888525,0.18306764444504453
mortality_to_incidence_age_standardized_ratio,ETS,56,2028,0.18596646008112538,-0.0016355264308482208,0.18433093365027717
mortality_to_incidence_age_standardized_ratio,ETS,56,2029,0.1834559467653177,0.005363720275485632,0.18881966704080333
mortality_to_incidence_age_standardized_ratio,ETS,56,2030,0.18094543344951003,-0.007155869583219357,0.17378956386629069
mortality_to_incidence_age_standardized_ratio,ETS,57,2024,0.21713257642590836,0.0006207815086269947,0.21775335793453535
mortality_to_incidence_age_standardized_ratio,ETS,57,2025,0.21555275273063298,0.0008779176287707263,0.21643067035940372
mortality_to_incidence_age_standardized_ratio,ETS,57,2026,0.21397292903535764,0.0037927229791836674,0.21776565201454132
mortality_to_incidence_age_standardized_ratio,ETS,57,2027,0.21239310534008227,0.005721950506634583,0.21811505584671684
mortality_to_incidence_age_standardized_ratio,ETS,57,2028,0.2108132816448069,0.004896384311718841,0.21570966595652574
mortality_to_incidence_age_standardized_ratio,ETS,57,2029,0.20923345794953152,0.0015205979378912903,0.2107540558874228
mortality_to_incidence_age_standardized_ratio,ETS,57,2030,0.20765363425425615,-0.005914292011418694,0.20173934224283746
mortality_to_incidence_age_standardized_ratio,ETS,58,2024,0.215116203289376,0.0006207815086269947,0.215736984798003
mortality_to_incidence_age_standardized_ratio,ETS,58,2025,0.21310246810449443,-0.0010343977389772505,0.21206807036551717
mortality_to_incidence_age_standardized_ratio,ETS,58,2026,0.21108873291961286,-0.003871812974914113,0.20721691994469874
mortality_to_incidence_age_standardized_ratio,ETS,58,2027,0.20907499773473132,-0.005409328951888525,0.20366566878284278
mortality_to_incidence_age_standardized_ratio,ETS,58,2028,0.20706126254984974,0.006397335148362144,0.21345859769821188
mortality_to_incidence_age_standardized_ratio,ETS,58,2029,0.20504752736496817,0.005363720275485632,0.2104112476404538
mortality_to_incidence_age_standardized_ratio,ETS,58,2030,0.2030337921800866,0.007569429027387573,0.21060322120747418
mortality_to_incidence_age_standardized_ratio,ETS,59,2024,0.21713246531860528,-0.0007314296556748463,0.21640103566293042
mortality_to_incidence_age_standardized_ratio,ETS,59,2025,0.21713246531860528,-0.0031613220560089807,0.2139711432625963
mortality_to_incidence_age_standardized_ratio,ETS,59,2026,0.21713246531860528,-0.0012668733257914433,0.21586559199281383
mortality_to_incidence_age_standardized_ratio,ETS,59,2027,0.21713246531860528,0.005721950506634583,0.22285441582523985
mortality_to_incidence_age_standardized_ratio,ETS,59,2028,0.21713246531860528,0.0013881096524648322,0.2185205749710701
mortality_to_incidence_age_standardized_ratio,ETS,59,2029,0.21713246531860528,0.0015205979378912903,0.21865306325649655
mortality_to_incidence_age_standardized_ratio,ETS,59,2030,0.21713246531860528,-0.007155869583219357,0.2099765957353859
mortality_to_incidence_age_standardized_ratio,ETS,60,2024,0.1945398808043667,0.0028609752533172916,0.197400856057684
mortality_to_incidence_age_standardized_ratio,ETS,60,2025,0.1920018542005378,-0.003824973183549096,0.1881768810169887
mortality_to_incidence_age_standardized_ratio,ETS,60,2026,0.18946382759670893,-0.0012668733257914433,0.18819695427091748
mortality_to_incidence_age_standardized_ratio,ETS,60,2027,0.18692580099288003,-0.005409328951888525,0.1815164720409915
mortality_to_incidence_age_standardized_ratio,ETS,60,2028,0.18438777438905113,-0.0016355264308482208,0.1827522479582029
mortality_to_incidence_age_standardized_ratio,ETS,60,2029,0.18184974778522223,-0.005475570420095659,0.17637417736512656
mortality_to_incidence_age_standardized_ratio,ETS,60,2030,0.17931172118139332,0.007569429027387573,0.1868811502087809
mortality_to_incidence_age_standardized_ratio,ETS,61,2024,0.2519203023093473,-0.0007314296556748463,0.25118887265367246
mortality_to_incidence_age_standardized_ratio,ETS,61,2025,0.2519203023093473,0.0008779176287707263,0.252798219938118
mortality_to_incidence_age_standardized_ratio,ETS,61,2026,0.2519203023093473,0.0037927229791836674,0.25571302528853096
mortality_to_incidence_age_standardized_ratio,ETS,61,2027,0.2519203023093473,0.00437945926598674,0.2562997615753341
mortality_to_incidence_age_standardized_ratio,ETS,61,2028,0.2519203023093473,-0.004998489057157385,0.24692181325218993
mortality_to_incidence_age_standardized_ratio,ETS,61,2029,0.2519203023093473,0.0070079295373572095,0.2589282318467045
mortality_to_incidence_age_standardized_ratio,ETS,61,2030,0.2519203023093473,-0.007155869583219357,0.24476443272612797
mortality_to_incidence_age_standardized_ratio,ETS,62,2024,0.2182389043629283,0.00218972963299337,0.2204286339959217
mortality_to_incidence_age_standardized_ratio,ETS,62,2025,0.2182389043629283,-0.003824973183549096,0.2144139311793792
mortality_to_incidence_age_standardized_ratio,ETS,62,2026,0.2182389043629283,-0.0012668733257914433,0.21697203103713686
mortality_to_incidence_age_standardized_ratio,ETS,62,2027,0.2182389043629283,-0.005409328951888525,0.21282957541103978
mortality_to_incidence_age_standardized_ratio,ETS,62,2028,0.2182389043629283,0.006397335148362144,0.22463623951129044
mortality_to_incidence_age_standardized_ratio,ETS,62,2029,0.2182389043629283,0.0070079295373572095,0.22524683390028552
mortality_to_incidence_age_standardized_ratio,ETS,62,2030,0.2182389043629283,-0.007155869583219357,0.21108303477970897
mortality_to_incidence_age_standardized_ratio,ETS,63,2024,0.25409664211192684,0.0028609752533172916,0.25695761736524414
mortality_to_incidence_age_standardized_ratio,ETS,63,2025,0.25409664211192684,-0.0031613220560089807,0.25093532005591784
mortality_to_incidence_age_standardized_ratio,ETS,63,2026,0.25409664211192684,0.0037927229791836674,0.2578893650911105
mortality_to_incidence_age_standardized_ratio,ETS,63,2027,0.25409664211192684,-0.005409328951888525,0.2486873131600383
mortality_to_incidence_age_standardized_ratio,ETS,63,2028,0.25409664211192684,-0.0060478136245402155,0.24804882848738663
mortality_to_incidence_age_standardized_ratio,ETS,63,2029,0.25409664211192684,-0.0066250478914955105,0.24747159422043133
mortality_to_incidence_age_standardized_ratio,ETS,63,2030,0.25409664211192684,-0.005914292011418694,0.24818235010050815
mortality_to_incidence_age_standardized_ratio,ETS,64,2024,0.19435812068601097,0.00218972963299337,0.19654785031900435
mortality_to_incidence_age_standardized_ratio,ETS,64,2025,0.19435812068601097,-0.0031613220560089807,0.191196798630002
mortality_to_incidence_age_standardized_ratio,ETS,64,2026,0.19435812068601097,-0.004684616289762114,0.18967350439624886
mortality_to_incidence_age_standardized_ratio,ETS,64,2027,0.19435812068601097,-0.005409328951888525,0.18894879173412243
mortality_to_incidence_age_standardized_ratio,ETS,64,2028,0.19435812068601097,0.004896384311718841,0.19925450499772981
mortality_to_incidence_age_standardized_ratio,ETS,64,2029,0.19435812068601097,-0.005475570420095659,0.1888825502659153
mortality_to_incidence_age_standardized_ratio,ETS,64,2030,0.19435812068601097,0.0016424334903345258,0.1960005541763455
mortality_to_incidence_age_standardized_ratio,ETS,65,2024,0.20443943113048135,-0.0007314296556748463,0.2037080014748065
mortality_to_incidence_age_standardized_ratio,ETS,65,2025,0.20239181767502532,0.0030967453449094835,0.2054885630199348
mortality_to_incidence_age_standardized_ratio,ETS,65,2026,0.2003442042195693,-0.003871812974914113,0.19647239124465518
mortality_to_incidence_age_standardized_ratio,ETS,65,2027,0.1982965907641133,0.005721950506634583,0.20401854127074787
mortality_to_incidence_age_standardized_ratio,ETS,65,2028,0.19624897730865726,0.004896384311718841,0.2011453616203761
mortality_to_incidence_age_standardized_ratio,ETS,65,2029,0.19420136385320125,-0.0017916294391429675,0.1924097344140583
mortality_to_incidence_age_standardized_ratio,ETS,65,2030,0.19215375039774524,-0.005914292011418694,0.18623945838632655
mortality_to_incidence_age_standardized_ratio,ETS,66,2024,0.20721257451458067,0.00218972963299337,0.20940230414757405
mortality_to_incidence_age_standardized_ratio,ETS,66,2025,0.20461166952174276,0.0040460300048551145,0.20865769952659788
mortality_to_incidence_age_standardized_ratio,ETS,66,2026,0.20201076452890485,-0.004684616289762114,0.19732614823914274
mortality_to_incidence_age_standardized_ratio,ETS,66,2027,0.19940985953606694,-0.0014628593113496925,0.19794700022471726
mortality_to_incidence_age_standardized_ratio,ETS,66,2028,0.19680895454322903,-0.0016355264308482208,0.1951734281123808
mortality_to_incidence_age_standardized_ratio,ETS,66,2029,0.19420804955039112,-0.0066250478914955105,0.1875830016588956
mortality_to_incidence_age_standardized_ratio,ETS,66,2030,0.1916071445575532,-0.007155869583219357,0.18445127497433383
mortality_to_incidence_age_standardized_ratio,ETS,67,2024,0.19424547178658397,0.0006207815086269947,0.19486625329521096
mortality_to_incidence_age_standardized_ratio,ETS,67,2025,0.19424547178658397,-0.0031613220560089807,0.191084149730575
mortality_to_incidence_age_standardized_ratio,ETS,67,2026,0.19424547178658397,0.0037927229791836674,0.19803819476576764
mortality_to_incidence_age_standardized_ratio,ETS,67,2027,0.19424547178658397,0.00437945926598674,0.1986249310525707
mortality_to_incidence_age_standardized_ratio,ETS,67,2028,0.19424547178658397,0.006397335148362144,0.2006428069349461
mortality_to_incidence_age_standardized_ratio,ETS,67,2029,0.19424547178658397,-0.0066250478914955105,0.18762042389508846
mortality_to_incidence_age_standardized_ratio,ETS,67,2030,0.19424547178658397,0.005793480047369194,0.20003895183395315
mortality_to_incidence_age_standardized_ratio,ETS,68,2024,0.21601410549956815,0.0006207815086269947,0.21663488700819514
mortality_to_incidence_age_standardized_ratio,ETS,68,2025,0.21362483796382462,-0.0010343977389772505,0.21259044022484735
mortality_to_incidence_age_standardized_ratio,ETS,68,2026,0.21123557042808108,0.0037927229791836674,0.21502829340726476
mortality_to_incidence_age_standardized_ratio,ETS,68,2027,0.20884630289233755,-0.0014628593113496925,0.20738344358098787
mortality_to_incidence_age_standardized_ratio,ETS,68,2028,0.20645703535659402,0.0013881096524648322,0.20784514500905885
mortality_to_incidence_age_standardized_ratio,ETS,68,2029,0.20406776782085045,-0.005475570420095659,0.1985921974007548
mortality_to_incidence_age_standardized_ratio,ETS,68,2030,0.20167850028510692,0.005793480047369194,0.2074719803324761
mortality_to_incidence_age_standardized_ratio,ETS,69,2024,0.22950281563929034,0.00218972963299337,0.23169254527228372
mortality_to_incidence_age_standardized_ratio,ETS,69,2025,0.2276882197011637,-0.003824973183549096,0.2238632465176146
mortality_to_incidence_age_standardized_ratio,ETS,69,2026,0.2258736237630371,0.001075225113341212,0.2269488488763783
mortality_to_incidence_age_standardized_ratio,ETS,69,2027,0.22405902782491047,0.00437945926598674,0.2284384870908972
mortality_to_incidence_age_standardized_ratio,ETS,69,2028,0.22224443188678386,0.006397335148362144,0.228641767035146
mortality_to_incidence_age_standardized_ratio,ETS,69,2029,0.22042983594865725,0.0070079295373572095,0.22743776548601446
mortality_to_incidence_age_standardized_ratio,ETS,69,2030,0.21861524001053062,0.005793480047369194,0.2244087200578998
mortality_to_incidence_age_standardized_ratio,ETS,70,2024,0.20287450360267034,0.0028609752533172916,0.20573547885598764
mortality_to_incidence_age_standardized_ratio,ETS,70,2025,0.20287450360267034,0.0030967453449094835,0.20597124894757982
mortality_to_incidence_age_standardized_ratio,ETS,70,2026,0.20287450360267034,0.004955354497942788,0.20782985810061314
mortality_to_incidence_age_standardized_ratio,ETS,70,2027,0.20287450360267034,-0.0014628593113496925,0.20141164429132066
mortality_to_incidence_age_standardized_ratio,ETS,70,2028,0.20287450360267034,0.006397335148362144,0.20927183875103247
mortality_to_incidence_age_standardized_ratio,ETS,70,2029,0.20287450360267034,0.0015205979378912903,0.20439510154056162
mortality_to_incidence_age_standardized_ratio,ETS,70,2030,0.20287450360267034,-0.007155869583219357,0.195718634019451
mortality_to_incidence_age_standardized_ratio,ETS,71,2024,0.22519812993102714,0.00218972963299337,0.22738785956402052
mortality_to_incidence_age_standardized_ratio,ETS,71,2025,0.223409755289204,0.0008779176287707263,0.22428767291797475
mortality_to_incidence_age_standardized_ratio,ETS,71,2026,0.2216213806473809,-0.004684616289762114,0.2169367643576188
mortality_to_incidence_age_standardized_ratio,ETS,71,2027,0.2198330060055578,0.005721950506634583,0.22555495651219237
mortality_to_incidence_age_standardized_ratio,ETS,71,2028,0.2180446313637347,-0.0060478136245402155,0.2119968177391945
mortality_to_incidence_age_standardized_ratio,ETS,71,2029,0.21625625672191157,0.005363720275485632,0.2216199769973972
mortality_to_incidence_age_standardized_ratio,ETS,71,2030,0.21446788208008846,0.0016424334903345258,0.21611031557042298
mortality_to_incidence_age_standardized_ratio,ETS,72,2024,0.2217212387418716,-0.0007314296556748463,0.22098980908619675
mortality_to_incidence_age_standardized_ratio,ETS,72,2025,0.21917945963778038,-0.0010343977389772505,0.21814506189880312
mortality_to_incidence_age_standardized_ratio,ETS,72,2026,0.21663768053368912,-0.0012668733257914433,0.21537080720789767
mortality_to_incidence_age_standardized_ratio,ETS,72,2027,0.2140959014295979,0.00437945926598674,0.21847536069558463
mortality_to_incidence_age_standardized_ratio,ETS,72,2028,0.21155412232550663,0.0013881096524648322,0.21294223197797146
mortality_to_incidence_age_standardized_ratio,ETS,72,2029,0.20901234322141538,-0.0066250478914955105,0.20238729532991986
mortality_to_incidence_age_standardized_ratio,ETS,72,2030,0.20647056411732415,0.005793480047369194,0.21226404416469333
mortality_to_incidence_age_standardized_ratio,ETS,73,2024,0.1929872951975159,0.0028609752533172916,0.1958482704508332
mortality_to_incidence_age_standardized_ratio,ETS,73,2025,0.18994165583421035,0.0040460300048551145,0.19398768583906548
mortality_to_incidence_age_standardized_ratio,ETS,73,2026,0.1868960164709048,-0.0012668733257914433,0.18562914314511336
mortality_to_incidence_age_standardized_ratio,ETS,73,2027,0.18385037710759927,-0.005409328951888525,0.17844104815571074
mortality_to_incidence_age_standardized_ratio,ETS,73,2028,0.18080473774429373,-0.0060478136245402155,0.17475692411975352
mortality_to_incidence_age_standardized_ratio,ETS,73,2029,0.1777590983809882,-0.005475570420095659,0.17228352796089252
mortality_to_incidence_age_standardized_ratio,ETS,73,2030,0.17471345901768262,-0.005914292011418694,0.16879916700626393
mortality_to_incidence_age_standardized_ratio,ETS,74,2024,0.22000499732228987,-0.0022353922633185494,0.21776960505897133
mortality_to_incidence_age_standardized_ratio,ETS,74,2025,0.21841750631494952,-0.0031613220560089807,0.21525618425894055
mortality_to_incidence_age_standardized_ratio,ETS,74,2026,0.21683001530760918,-0.0012668733257914433,0.21556314198181772
mortality_to_incidence_age_standardized_ratio,ETS,74,2027,0.21524252430026883,-0.005409328951888525,0.2098331953483803
mortality_to_incidence_age_standardized_ratio,ETS,74,2028,0.21365503329292848,0.006397335148362144,0.2200523684412906
mortality_to_incidence_age_standardized_ratio,ETS,74,2029,0.21206754228558813,0.0070079295373572095,0.21907547182294534
mortality_to_incidence_age_standardized_ratio,ETS,74,2030,0.2104800512782478,-0.007155869583219357,0.20332418169502842
mortality_to_incidence_age_standardized_ratio,ETS,75,2024,0.20872103499336,0.0028609752533172916,0.2115820102466773
mortality_to_incidence_age_standardized_ratio,ETS,75,2025,0.2064145536969154,-0.0031613220560089807,0.20325323164090642
mortality_to_incidence_age_standardized_ratio,ETS,75,2026,0.2041080724004708,-0.004684616289762114,0.1994234561107087
mortality_to_incidence_age_standardized_ratio,ETS,75,2027,0.20180159110402618,-0.0014628593113496925,0.2003387317926765
mortality_to_incidence_age_standardized_ratio,ETS,75,2028,0.19949510980758156,0.0013881096524648322,0.2008832194600464
mortality_to_incidence_age_standardized_ratio,ETS,75,2029,0.19718862851113694,-0.0066250478914955105,0.19056358061964143
mortality_to_incidence_age_standardized_ratio,ETS,75,2030,0.19488214721469233,0.0016424334903345258,0.19652458070502685
mortality_to_incidence_age_standardized_ratio,ETS,76,2024,0.2263772753254491,-0.0007314296556748463,0.22564584566977425
mortality_to_incidence_age_standardized_ratio,ETS,76,2025,0.2247289407639174,-0.003824973183549096,0.2209039675803683
mortality_to_incidence_age_standardized_ratio,ETS,76,2026,0.22308060620238568,0.004955354497942788,0.22803596070032847
mortality_to_incidence_age_standardized_ratio,ETS,76,2027,0.22143227164085397,0.0012415630172539895,0.22267383465810794
mortality_to_incidence_age_standardized_ratio,ETS,76,2028,0.21978393707932226,-0.0060478136245402155,0.21373612345478205
mortality_to_incidence_age_standardized_ratio,ETS,76,2029,0.21813560251779052,-0.005475570420095659,0.21266003209769485
mortality_to_incidence_age_standardized_ratio,ETS,76,2030,0.2164872679562588,0.005793480047369194,0.222280748003628
mortality_to_incidence_age_standardized_ratio,ETS,77,2024,0.23150747555331902,-0.0022353922633185494,0.22927208329000048
mortality_to_incidence_age_standardized_ratio,ETS,77,2025,0.23150747555331902,-0.0010343977389772505,0.23047307781434176
mortality_to_incidence_age_standardized_ratio,ETS,77,2026,0.23150747555331902,-0.003871812974914113,0.2276356625784049
mortality_to_incidence_age_standardized_ratio,ETS,77,2027,0.23150747555331902,-0.0014628593113496925,0.23004461624196934
mortality_to_incidence_age_standardized_ratio,ETS,77,2028,0.23150747555331902,-0.0016355264308482208,0.2298719491224708
mortality_to_incidence_age_standardized_ratio,ETS,77,2029,0.23150747555331902,-0.005475570420095659,0.22603190513322335
mortality_to_incidence_age_standardized_ratio,ETS,77,2030,0.23150747555331902,0.005793480047369194,0.2373009556006882
mortality_to_incidence_age_standardized_ratio,ETS,78,2024,0.2119607878500013,-0.0022353922633185494,0.20972539558668277
mortality_to_incidence_age_standardized_ratio,ETS,78,2025,0.20942869901661224,0.0040460300048551145,0.21347472902146736
mortality_to_incidence_age_standardized_ratio,ETS,78,2026,0.2068966101832232,-0.004684616289762114,0.2022119938934611
mortality_to_incidence_age_standardized_ratio,ETS,78,2027,0.20436452134983413,0.0012415630172539895,0.2056060843670881
mortality_to_incidence_age_standardized_ratio,ETS,78,2028,0.2018324325164451,0.006397335148362144,0.20822976766480722
mortality_to_incidence_age_standardized_ratio,ETS,78,2029,0.19930034368305602,-0.0066250478914955105,0.1926752957915605
mortality_to_incidence_age_standardized_ratio,ETS,78,2030,0.19676825484966698,0.0016424334903345258,0.1984106883400015
mortality_to_incidence_age_standardized_ratio,ETS,79,2024,0.2363452371175473,-0.0022353922633185494,0.23410984485422875
mortality_to_incidence_age_standardized_ratio,ETS,79,2025,0.2345509199246272,0.0030967453449094835,0.23764766526953668
mortality_to_incidence_age_standardized_ratio,ETS,79,2026,0.23275660273170712,-0.003871812974914113,0.228884789756793
mortality_to_incidence_age_standardized_ratio,ETS,79,2027,0.23096228553878706,0.00437945926598674,0.2353417448047738
mortality_to_incidence_age_standardized_ratio,ETS,79,2028,0.22916796834586697,0.004896384311718841,0.23406435265758582
mortality_to_incidence_age_standardized_ratio,ETS,79,2029,0.2273736511529469,-0.0066250478914955105,0.22074860326145138
mortality_to_incidence_age_standardized_ratio,ETS,79,2030,0.2255793339600268,0.0016424334903345258,0.22722176745036132
mortality_to_incidence_age_standardized_ratio,ETS,80,2024,0.20423872128055887,-0.0022353922633185494,0.20200332901724033
mortality_to_incidence_age_standardized_ratio,ETS,80,2025,0.20423872128055887,-0.0010343977389772505,0.2032043235415816
mortality_to_incidence_age_standardized_ratio,ETS,80,2026,0.20423872128055887,-0.003871812974914113,0.20036690830564474
mortality_to_incidence_age_standardized_ratio,ETS,80,2027,0.20423872128055887,-0.004470784526637099,0.19976793675392177
mortality_to_incidence_age_standardized_ratio,ETS,80,2028,0.20423872128055887,-0.0016355264308482208,0.20260319484971065
mortality_to_incidence_age_standardized_ratio,ETS,80,2029,0.20423872128055887,-0.005475570420095659,0.1987631508604632
mortality_to_incidence_age_standardized_ratio,ETS,80,2030,0.20423872128055887,-0.005914292011418694,0.19832442926914018
mortality_to_incidence_age_standardized_ratio,ETS,81,2024,0.2438671451807641,-0.0007314296556748463,0.24313571552508925
mortality_to_incidence_age_standardized_ratio,ETS,81,2025,0.2438671451807641,0.0008779176287707263,0.24474506280953484
mortality_to_incidence_age_standardized_ratio,ETS,81,2026,0.2438671451807641,-0.004684616289762114,0.239182528891002
mortality_to_incidence_age_standardized_ratio,ETS,81,2027,0.2438671451807641,-0.0014628593113496925,0.24240428586941443
mortality_to_incidence_age_standardized_ratio,ETS,81,2028,0.2438671451807641,-0.0016355264308482208,0.2422316187499159
mortality_to_incidence_age_standardized_ratio,ETS,81,2029,0.2438671451807641,0.005363720275485632,0.24923086545624973
mortality_to_incidence_age_standardized_ratio,ETS,81,2030,0.2438671451807641,-0.005914292011418694,0.23795285316934542
mortality_to_incidence_age_standardized_ratio,ETS,82,2024,0.20458080022248343,0.0028609752533172916,0.20744177547580073
mortality_to_incidence_age_standardized_ratio,ETS,82,2025,0.20185140066804128,-0.0010343977389772505,0.20081700292906401
mortality_to_incidence_age_standardized_ratio,ETS,82,2026,0.19912200111359915,0.001075225113341212,0.20019722622694036
mortality_to_incidence_age_standardized_ratio,ETS,82,2027,0.19639260155915703,-0.0014628593113496925,0.19492974224780735
mortality_to_incidence_age_standardized_ratio,ETS,82,2028,0.19366320200471487,-0.004998489057157385,0.1886647129475575
mortality_to_incidence_age_standardized_ratio,ETS,82,2029,0.19093380245027275,-0.005475570420095659,0.18545823203017708
mortality_to_incidence_age_standardized_ratio,ETS,82,2030,0.18820440289583062,0.0016424334903345258,0.18984683638616515
mortality_to_incidence_age_standardized_ratio,ETS,83,2024,0.22522364902011122,0.0028609752533172916,0.22808462427342852
mortality_to_incidence_age_standardized_ratio,ETS,83,2025,0.22342489111645933,0.0040460300048551145,0.22747092112131445
mortality_to_incidence_age_standardized_ratio,ETS,83,2026,0.22162613321280747,-0.004684616289762114,0.21694151692304536
mortality_to_incidence_age_standardized_ratio,ETS,83,2027,0.21982737530915558,0.005721950506634583,0.22554932581579015
mortality_to_incidence_age_standardized_ratio,ETS,83,2028,0.21802861740550372,0.006397335148362144,0.22442595255386585
mortality_to_incidence_age_standardized_ratio,ETS,83,2029,0.21622985950185183,-0.005475570420095659,0.21075428908175617
mortality_to_incidence_age_standardized_ratio,ETS,83,2030,0.21443110159819997,-0.007155869583219357,0.2072752320149806
mortality_to_incidence_age_standardized_ratio,ETS,84,2024,0.23137586103666055,-0.0007314296556748463,0.2306444313809857
mortality_to_incidence_age_standardized_ratio,ETS,84,2025,0.23137586103666055,-0.003824973183549096,0.22755088785311145
mortality_to_incidence_age_standardized_ratio,ETS,84,2026,0.23137586103666055,-0.003871812974914113,0.22750404806174643
mortality_to_incidence_age_standardized_ratio,ETS,84,2027,0.23137586103666055,0.0012415630172539895,0.23261742405391453
mortality_to_incidence_age_standardized_ratio,ETS,84,2028,0.23137586103666055,0.004896384311718841,0.2362722453483794
mortality_to_incidence_age_standardized_ratio,ETS,84,2029,0.23137586103666055,-0.0017916294391429675,0.2295842315975176
mortality_to_incidence_age_standardized_ratio,ETS,84,2030,0.23137586103666055,0.007569429027387573,0.23894529006404813
mortality_to_incidence_age_standardized_ratio,ETS,85,2024,0.24219277018338192,-0.0007314296556748463,0.24146134052770707
mortality_to_incidence_age_standardized_ratio,ETS,85,2025,0.24091422775035357,-0.003824973183549096,0.23708925456680446
mortality_to_incidence_age_standardized_ratio,ETS,85,2026,0.23963568531732524,0.001075225113341212,0.24071091043066645
mortality_to_incidence_age_standardized_ratio,ETS,85,2027,0.23835714288429688,-0.0014628593113496925,0.2368942835729472
mortality_to_incidence_age_standardized_ratio,ETS,85,2028,0.23707860045126855,0.004896384311718841,0.2419749847629874
mortality_to_incidence_age_standardized_ratio,ETS,85,2029,0.2358000580182402,-0.0017916294391429675,0.23400842857909723
mortality_to_incidence_age_standardized_ratio,ETS,85,2030,0.23452151558521186,0.005793480047369194,0.24031499563258105
mortality_to_incidence_age_standardized_ratio,ETS,86,2024,0.22880964793111933,0.0028609752533172916,0.23167062318443662
mortality_to_incidence_age_standardized_ratio,ETS,86,2025,0.2272142235417925,0.0008779176287707263,0.22809214117056323
mortality_to_incidence_age_standardized_ratio,ETS,86,2026,0.22561879915246566,-0.004684616289762114,0.22093418286270355
mortality_to_incidence_age_standardized_ratio,ETS,86,2027,0.22402337476313886,-0.004470784526637099,0.21955259023650175
mortality_to_incidence_age_standardized_ratio,ETS,86,2028,0.22242795037381202,0.006397335148362144,0.22882528552217415
mortality_to_incidence_age_standardized_ratio,ETS,86,2029,0.2208325259844852,-0.0066250478914955105,0.21420747809298968
mortality_to_incidence_age_standardized_ratio,ETS,86,2030,0.21923710159515836,-0.005914292011418694,0.21332280958373967
mortality_to_incidence_age_standardized_ratio,ETS,87,2024,0.22233611120531566,-0.0022353922633185494,0.22010071894199712
mortality_to_incidence_age_standardized_ratio,ETS,87,2025,0.22233611120531566,0.0040460300048551145,0.22638214121017078
mortality_to_incidence_age_standardized_ratio,ETS,87,2026,0.22233611120531566,0.001075225113341212,0.22341133631865687
mortality_to_incidence_age_standardized_ratio,ETS,87,2027,0.22233611120531566,0.00437945926598674,0.2267155704713024
mortality_to_incidence_age_standardized_ratio,ETS,87,2028,0.22233611120531566,0.0013881096524648322,0.2237242208577805
mortality_to_incidence_age_standardized_ratio,ETS,87,2029,0.22233611120531566,-0.0066250478914955105,0.21571106331382014
mortality_to_incidence_age_standardized_ratio,ETS,87,2030,0.22233611120531566,-0.007155869583219357,0.2151802416220963
mortality_to_incidence_age_standardized_ratio,ETS,88,2024,0.2027408070427822,-0.0007314296556748463,0.20200937738710734
mortality_to_incidence_age_standardized_ratio,ETS,88,2025,0.20053307603640627,0.0030967453449094835,0.20362982138131575
mortality_to_incidence_age_standardized_ratio,ETS,88,2026,0.19832534503003035,-0.004684616289762114,0.19364072874026825
mortality_to_incidence_age_standardized_ratio,ETS,88,2027,0.19611761402365444,-0.004470784526637099,0.19164682949701733
mortality_to_incidence_age_standardized_ratio,ETS,88,2028,0.19390988301727852,0.0013881096524648322,0.19529799266974335
mortality_to_incidence_age_standardized_ratio,ETS,88,2029,0.1917021520109026,0.0015205979378912903,0.19322274994879388
mortality_to_incidence_age_standardized_ratio,ETS,88,2030,0.18949442100452668,-0.005914292011418694,0.183580128993108
mortality_to_incidence_age_standardized_ratio,ETS,89,2024,0.22337764150459863,-0.0007314296556748463,0.22264621184892378
mortality_to_incidence_age_standardized_ratio,ETS,89,2025,0.22337764150459863,-0.003824973183549096,0.21955266832104953
mortality_to_incidence_age_standardized_ratio,ETS,89,2026,0.22337764150459863,0.004955354497942788,0.22833299600254142
mortality_to_incidence_age_standardized_ratio,ETS,89,2027,0.22337764150459863,0.005721950506634583,0.2290995920112332
mortality_to_incidence_age_standardized_ratio,ETS,89,2028,0.22337764150459863,-0.0060478136245402155,0.21732982788005842
mortality_to_incidence_age_standardized_ratio,ETS,89,2029,0.22337764150459863,0.0015205979378912903,0.2248982394424899
mortality_to_incidence_age_standardized_ratio,ETS,89,2030,0.22337764150459863,0.005793480047369194,0.2291711215519678
mortality_to_incidence_age_standardized_ratio,ETS,90,2024,0.2149233478704966,0.00218972963299337,0.21711307750349
mortality_to_incidence_age_standardized_ratio,ETS,90,2025,0.2149233478704966,0.0030967453449094835,0.21802009321540608
mortality_to_incidence_age_standardized_ratio,ETS,90,2026,0.2149233478704966,-0.0012668733257914433,0.21365647454470515
mortality_to_incidence_age_standardized_ratio,ETS,90,2027,0.2149233478704966,-0.0014628593113496925,0.21346048855914693
mortality_to_incidence_age_standardized_ratio,ETS,90,2028,0.2149233478704966,0.0013881096524648322,0.21631145752296144
mortality_to_incidence_age_standardized_ratio,ETS,90,2029,0.2149233478704966,-0.0066250478914955105,0.2082982999790011
mortality_to_incidence_age_standardized_ratio,ETS,90,2030,0.2149233478704966,0.005793480047369194,0.2207168279178658
mortality_to_incidence_age_standardized_ratio,ETS,91,2024,0.21973456511407424,0.0028609752533172916,0.22259554036739154
mortality_to_incidence_age_standardized_ratio,ETS,91,2025,0.21765548100103427,0.0040460300048551145,0.2217015110058894
mortality_to_incidence_age_standardized_ratio,ETS,91,2026,0.2155763968879943,-0.003871812974914113,0.21170458391308017
mortality_to_incidence_age_standardized_ratio,ETS,91,2027,0.21349731277495432,0.005721950506634583,0.2192192632815889
mortality_to_incidence_age_standardized_ratio,ETS,91,2028,0.21141822866191437,-0.0016355264308482208,0.20978270223106615
mortality_to_incidence_age_standardized_ratio,ETS,91,2029,0.2093391445488744,-0.0066250478914955105,0.20271409665737888
mortality_to_incidence_age_standardized_ratio,ETS,91,2030,0.20726006043583442,0.007569429027387573,0.214829489463222
mortality_to_incidence_age_standardized_ratio,ETS,92,2024,0.20128082408305598,-0.0022353922633185494,0.19904543181973744
mortality_to_incidence_age_standardized_ratio,ETS,92,2025,0.19801816702701994,-0.0010343977389772505,0.19698376928804268
mortality_to_incidence_age_standardized_ratio,ETS,92,2026,0.1947555099709839,-0.0012668733257914433,0.19348863664519245
mortality_to_incidence_age_standardized_ratio,ETS,92,2027,0.19149285291494786,-0.0014628593113496925,0.19002999360359818
mortality_to_incidence_age_standardized_ratio,ETS,92,2028,0.18823019585891182,0.004896384311718841,0.19312658017063067
mortality_to_incidence_age_standardized_ratio,ETS,92,2029,0.18496753880287578,-0.0017916294391429675,0.18317590936373282
mortality_to_incidence_age_standardized_ratio,ETS,92,2030,0.18170488174683974,0.005793480047369194,0.18749836179420892
mortality_to_incidence_age_standardized_ratio,ETS,93,2024,0.2405863723226711,-0.0022353922633185494,0.23835098005935257
mortality_to_incidence_age_standardized_ratio,ETS,93,2025,0.23880569306800556,0.0008779176287707263,0.2396836106967763
mortality_to_incidence_age_standardized_ratio,ETS,93,2026,0.23702501381334,-0.004684616289762114,0.2323403975235779
mortality_to_incidence_age_standardized_ratio,ETS,93,2027,0.2352443345586745,0.005721950506634583,0.24096628506530907
mortality_to_incidence_age_standardized_ratio,ETS,93,2028,0.23346365530400895,-0.0016355264308482208,0.23182812887316073
mortality_to_incidence_age_standardized_ratio,ETS,93,2029,0.2316829760493434,0.0015205979378912903,0.23320357398723468
mortality_to_incidence_age_standardized_ratio,ETS,93,2030,0.22990229679467786,0.007569429027387573,0.23747172582206544
mortality_to_incidence_age_standardized_ratio,ETS,94,2024,0.2561272108859937,-0.0027046644759442626,0.25342254641004947
mortality_to_incidence_age_standardized_ratio,ETS,94,2025,0.2561272108859937,-0.0010343977389772505,0.2550928131470165
mortality_to_incidence_age_standardized_ratio,ETS,94,2026,0.2561272108859937,0.0037927229791836674,0.25991993386517737
mortality_to_incidence_age_standardized_ratio,ETS,94,2027,0.2561272108859937,0.0012415630172539895,0.2573687739032477
mortality_to_incidence_age_standardized_ratio,ETS,94,2028,0.2561272108859937,0.0013881096524648322,0.25751532053845855
mortality_to_incidence_age_standardized_ratio,ETS,94,2029,0.2561272108859937,0.005363720275485632,0.26149093116147937
mortality_to_incidence_age_standardized_ratio,ETS,94,2030,0.2561272108859937,-0.007155869583219357,0.24897134130277437
mortality_to_incidence_age_standardized_ratio,ETS,95,2024,0.2264754439099739,-0.0022353922633185494,0.22424005164665536
mortality_to_incidence_age_standardized_ratio,ETS,95,2025,0.2264754439099739,0.0040460300048551145,0.23052147391482902
mortality_to_incidence_age_standardized_ratio,ETS,95,2026,0.2264754439099739,0.0037927229791836674,0.23026816688915758
mortality_to_incidence_age_standardized_ratio,ETS,95,2027,0.2264754439099739,0.00437945926598674,0.23085490317596064
mortality_to_incidence_age_standardized_ratio,ETS,95,2028,0.2264754439099739,0.004896384311718841,0.23137182822169275
mortality_to_incidence_age_standardized_ratio,ETS,95,2029,0.2264754439099739,0.0015205979378912903,0.22799604184786518
mortality_to_incidence_age_standardized_ratio,ETS,95,2030,0.2264754439099739,-0.005914292011418694,0.2205611518985552
mortality_to_incidence_age_standardized_ratio,ETS,96,2024,0.23458507943822035,0.00218972963299337,0.23677480907121373
mortality_to_incidence_age_standardized_ratio,ETS,96,2025,0.23458507943822035,0.0030967453449094835,0.23768182478312982
mortality_to_incidence_age_standardized_ratio,ETS,96,2026,0.23458507943822035,-0.003871812974914113,0.23071326646330623
mortality_to_incidence_age_standardized_ratio,ETS,96,2027,0.23458507943822035,-0.0014628593113496925,0.23312222012687067
mortality_to_incidence_age_standardized_ratio,ETS,96,2028,0.23458507943822035,0.006397335148362144,0.24098241458658248
mortality_to_incidence_age_standardized_ratio,ETS,96,2029,0.23458507943822035,0.005363720275485632,0.23994879971370597
mortality_to_incidence_age_standardized_ratio,ETS,96,2030,0.23458507943822035,0.007569429027387573,0.24215450846560793
mortality_to_incidence_age_standardized_ratio,ETS,97,2024,0.19996681010693554,-0.0007314296556748463,0.19923538045126069
mortality_to_incidence_age_standardized_ratio,ETS,97,2025,0.19728416478306268,0.0040460300048551145,0.2013301947879178
mortality_to_incidence_age_standardized_ratio,ETS,97,2026,0.19460151945918985,0.0037927229791836674,0.19839424243837353
mortality_to_incidence_age_standardized_ratio,ETS,97,2027,0.191918874135317,0.00437945926598674,0.19629833340130373
mortality_to_incidence_age_standardized_ratio,ETS,97,2028,0.18923622881144414,-0.0060478136245402155,0.18318841518690393
mortality_to_incidence_age_standardized_ratio,ETS,97,2029,0.18655358348757128,0.0070079295373572095,0.1935615130249285
mortality_to_incidence_age_standardized_ratio,ETS,97,2030,0.18387093816369843,0.005793480047369194,0.1896644182110676
mortality_to_incidence_age_standardized_ratio,ETS,98,2024,0.2132558459573095,-0.0007314296556748463,0.21252441630163466
mortality_to_incidence_age_standardized_ratio,ETS,98,2025,0.2132558459573095,0.0030967453449094835,0.21635259130221898
mortality_to_incidence_age_standardized_ratio,ETS,98,2026,0.2132558459573095,0.0037927229791836674,0.21704856893649319
mortality_to_incidence_age_standardized_ratio,ETS,98,2027,0.2132558459573095,0.005721950506634583,0.21897779646394408
mortality_to_incidence_age_standardized_ratio,ETS,98,2028,0.2132558459573095,-0.004998489057157385,0.20825735690015212
mortality_to_incidence_age_standardized_ratio,ETS,98,2029,0.2132558459573095,-0.0017916294391429675,0.21146421651816655
mortality_to_incidence_age_standardized_ratio,ETS,98,2030,0.2132558459573095,-0.007155869583219357,0.20609997637409017
mortality_to_incidence_age_standardized_ratio,ETS,99,2024,0.25417696020566216,-0.0022353922633185494,0.2519415679423436
mortality_to_incidence_age_standardized_ratio,ETS,99,2025,0.25417696020566216,0.0040460300048551145,0.25822299021051726
mortality_to_incidence_age_standardized_ratio,ETS,99,2026,0.25417696020566216,-0.0012668733257914433,0.2529100868798707
mortality_to_incidence_age_standardized_ratio,ETS,99,2027,0.25417696020566216,0.00437945926598674,0.2585564194716489
mortality_to_incidence_age_standardized_ratio,ETS,99,2028,0.25417696020566216,-0.004998489057157385,0.24917847114850478
mortality_to_incidence_age_standardized_ratio,ETS,99,2029,0.25417696020566216,0.005363720275485632,0.2595406804811478
mortality_to_incidence_age_standardized_ratio,ETS,99,2030,0.25417696020566216,-0.005914292011418694,0.24826266819424347
mortality_to_incidence_age_standardized_ratio,ETS,100,2024,0.21407491717743835,-0.0022353922633185494,0.2118395249141198
mortality_to_incidence_age_standardized_ratio,ETS,100,2025,0.21174332748874197,-0.003824973183549096,0.20791835430519287
mortality_to_incidence_age_standardized_ratio,ETS,100,2026,0.20941173780004557,0.001075225113341212,0.21048696291338678
mortality_to_incidence_age_standardized_ratio,ETS,100,2027,0.2070801481113492,0.0012415630172539895,0.20832171112860318
mortality_to_incidence_age_standardized_ratio,ETS,100,2028,0.2047485584226528,-0.0060478136245402155,0.1987007447981126
mortality_to_incidence_age_standardized_ratio,ETS,100,2029,0.20241696873395643,-0.005475570420095659,0.19694139831386076
mortality_to_incidence_age_standardized_ratio,ETS,100,2030,0.20008537904526003,0.007569429027387573,0.2076548080726476
